<?xml version="1.0" encoding="UTF-8"?>
<!DOCTYPE questestinterop SYSTEM "ims_qtiasiv1p2p1.dtd">

<questestinterop>
<assessment ident="Week2.Rmd_520760490" title="Week2.Rmd">

<qtimetadata>
<qtimetadatafield>
<fieldlabel>cc_maxattempts</fieldlabel>
<fieldentry>1</fieldentry>
</qtimetadatafield>
<qtimetadatafield>
<fieldlabel>qmd_assessmenttype</fieldlabel>
<fieldentry>Assessment</fieldentry>
</qtimetadatafield>
</qtimetadata>
<objectives>
<material>
<mattext><![CDATA[Please solve the following exercises.]]></mattext>
</material>
</objectives>
<assessmentcontrol feedbackswitch="No" hintswitch="No" solutionswitch="Yes"/>
<outcomes_processing scoremodel="SumOfScores">
<outcomes>
<decvar varname="SCORE" vartype="Decimal" cutvalue="0"/>
</outcomes>
</outcomes_processing>
<assessfeedback title="AssessmentFeedback" ident="AssessmentFeedback">
<flow_mat>
<material>
<mattext>##AssessmentFeedback##</mattext>
</material>
</flow_mat>
</assessfeedback>

<section ident="Week2.Rmd_520760490_section_1" title="Exercise">

<objectives>
<material>
<mattext><![CDATA[Please answer the following question.]]></mattext>
</material>
</objectives>
<selection_ordering>
<selection>
<selection_number>1</selection_number>
<selection_extension>
<points_per_item>1</points_per_item>
</selection_extension>
</selection>
<order order_type="Random"/>
</selection_ordering>

<item ident="Week2.Rmd_520760490_section_1_item_1_schoice" title="Question" maxattempts="1">
<itemcontrol feedbackswitch="No" hintswitch="No" solutionswitch="Yes"/>
<itemmetadata>
<qtimetadata>
<qtimetadatafield>
<fieldlabel>question_type</fieldlabel>
<fieldentry>multiple_choice_question</fieldentry>
</qtimetadatafield>
</qtimetadata>
</itemmetadata>
<presentation>
<flow>
<material>
<matbreak/>
<mattext texttype="text/html" charset="utf-8"><![CDATA[
<p>Which chain has the highest median calories?</p>
]]></mattext>
<matbreak/>
</material>
<response_lid ident="Week2.Rmd_520760490_section_1_item_1_schoice_RESPONSE_2243473" rcardinality="Single" rtiming="No">
<render_choice shuffle="No">
<flow_label class="List">
<response_label ident="Week2.Rmd_520760490_section_1_item_1_schoice_2762069575" rshuffle="No">
<material>
<mattext texttype="text/html" charset="utf-8"><![CDATA[
 Sonic
]]></mattext>
</material>
</response_label>
</flow_label>
<flow_label class="List">
<response_label ident="Week2.Rmd_520760490_section_1_item_1_schoice_7868115003" rshuffle="No">
<material>
<mattext texttype="text/html" charset="utf-8"><![CDATA[
 Chick Fil-A
]]></mattext>
</material>
</response_label>
</flow_label>
<flow_label class="List">
<response_label ident="Week2.Rmd_520760490_section_1_item_1_schoice_3696278043" rshuffle="No">
<material>
<mattext texttype="text/html" charset="utf-8"><![CDATA[
 Mcdonalds
]]></mattext>
</material>
</response_label>
</flow_label>
<flow_label class="List">
<response_label ident="Week2.Rmd_520760490_section_1_item_1_schoice_3193402365" rshuffle="No">
<material>
<mattext texttype="text/html" charset="utf-8"><![CDATA[
 Taco Bell
]]></mattext>
</material>
</response_label>
</flow_label>
<flow_label class="List">
<response_label ident="Week2.Rmd_520760490_section_1_item_1_schoice_8714848047" rshuffle="No">
<material>
<mattext texttype="text/html" charset="utf-8"><![CDATA[
 Dairy Queen
]]></mattext>
</material>
</response_label>
</flow_label>
<flow_label class="List">
<response_label ident="Week2.Rmd_520760490_section_1_item_1_schoice_9448161172" rshuffle="No">
<material>
<mattext texttype="text/html" charset="utf-8"><![CDATA[
 Burger King
]]></mattext>
</material>
</response_label>
</flow_label>
<flow_label class="List">
<response_label ident="Week2.Rmd_520760490_section_1_item_1_schoice_8144184889" rshuffle="No">
<material>
<mattext texttype="text/html" charset="utf-8"><![CDATA[
 Subway
]]></mattext>
</material>
</response_label>
</flow_label>
<flow_label class="List">
<response_label ident="Week2.Rmd_520760490_section_1_item_1_schoice_2149579590" rshuffle="No">
<material>
<mattext texttype="text/html" charset="utf-8"><![CDATA[
 Arbys
]]></mattext>
</material>
</response_label>
</flow_label>
</render_choice>
</response_lid>
</flow>
</presentation>
<resprocessing>
<outcomes>
<decvar varname="SCORE" vartype="Decimal" defaultval="0" minvalue="0" maxvalue="1" cutvalue="1"/>
</outcomes>
<respcondition title="Mastery" continue="No">
<conditionvar>
<and>
<varequal respident="Week2.Rmd_520760490_section_1_item_1_schoice_RESPONSE_2243473" case="Yes">Week2.Rmd_520760490_section_1_item_1_schoice_2762069575</varequal>
<not> <varequal respident="Week2.Rmd_520760490_section_1_item_1_schoice_RESPONSE_2243473" case="Yes">Week2.Rmd_520760490_section_1_item_1_schoice_7868115003</varequal> </not>
<not> <varequal respident="Week2.Rmd_520760490_section_1_item_1_schoice_RESPONSE_2243473" case="Yes">Week2.Rmd_520760490_section_1_item_1_schoice_3696278043</varequal> </not>
<not> <varequal respident="Week2.Rmd_520760490_section_1_item_1_schoice_RESPONSE_2243473" case="Yes">Week2.Rmd_520760490_section_1_item_1_schoice_3193402365</varequal> </not>
<not> <varequal respident="Week2.Rmd_520760490_section_1_item_1_schoice_RESPONSE_2243473" case="Yes">Week2.Rmd_520760490_section_1_item_1_schoice_8714848047</varequal> </not>
<not> <varequal respident="Week2.Rmd_520760490_section_1_item_1_schoice_RESPONSE_2243473" case="Yes">Week2.Rmd_520760490_section_1_item_1_schoice_9448161172</varequal> </not>
<not> <varequal respident="Week2.Rmd_520760490_section_1_item_1_schoice_RESPONSE_2243473" case="Yes">Week2.Rmd_520760490_section_1_item_1_schoice_8144184889</varequal> </not>
<not> <varequal respident="Week2.Rmd_520760490_section_1_item_1_schoice_RESPONSE_2243473" case="Yes">Week2.Rmd_520760490_section_1_item_1_schoice_2149579590</varequal> </not>
</and>
</conditionvar>
<setvar varname="SCORE" action="Set">1</setvar>
<displayfeedback feedbacktype="Response" linkrefid="correct_fb"/>
</respcondition>
<respcondition continue="Yes">
<conditionvar>
<other/>
</conditionvar>
<displayfeedback feedbacktype="Response" linkrefid="general_incorrect_fb"/>
</respcondition>
</resprocessing>
<itemfeedback ident="correct_fb" view="All">
<flow_mat>
<material>
<mattext texttype="text/html"><![CDATA[
<p>Sonic. 570 calories.</p>
<pre><code># A tibble: 8 × 2
  restaurant  `median(calories, na.rm = TRUE)`
  &lt;chr&gt;                                  &lt;dbl&gt;
1 Arbys                                    550
2 Burger King                              555
3 Chick Fil-A                              390
4 Dairy Queen                              485
5 Mcdonalds                                540
6 Sonic                                    570
7 Subway                                   460
8 Taco Bell                                420</code></pre>
<br />
<ul>
<li> Sonic <br /> True </li>
<li> Chick Fil-A <br /> False </li>
<li> Mcdonalds <br /> False </li>
<li> Taco Bell <br /> False </li>
<li> Dairy Queen <br /> False </li>
<li> Burger King <br /> False </li>
<li> Subway <br /> False </li>
<li> Arbys <br /> False </li>
</ul>
]]></mattext>
</material>
</flow_mat>
</itemfeedback>
<itemfeedback ident="general_incorrect_fb" view="All">
<flow_mat>
<material>
<mattext texttype="text/html"><![CDATA[
<p>Sonic. 570 calories.</p>
<pre><code># A tibble: 8 × 2
  restaurant  `median(calories, na.rm = TRUE)`
  &lt;chr&gt;                                  &lt;dbl&gt;
1 Arbys                                    550
2 Burger King                              555
3 Chick Fil-A                              390
4 Dairy Queen                              485
5 Mcdonalds                                540
6 Sonic                                    570
7 Subway                                   460
8 Taco Bell                                420</code></pre>
<br />
<ul>
<li> Sonic <br /> True </li>
<li> Chick Fil-A <br /> False </li>
<li> Mcdonalds <br /> False </li>
<li> Taco Bell <br /> False </li>
<li> Dairy Queen <br /> False </li>
<li> Burger King <br /> False </li>
<li> Subway <br /> False </li>
<li> Arbys <br /> False </li>
</ul>
]]></mattext>
</material>
</flow_mat>
</itemfeedback>
</item>


</section>
<section ident="Week2.Rmd_520760490_section_2" title="Exercise">

<objectives>
<material>
<mattext><![CDATA[Please answer the following question.]]></mattext>
</material>
</objectives>
<selection_ordering>
<selection>
<selection_number>1</selection_number>
<selection_extension>
<points_per_item>1</points_per_item>
</selection_extension>
</selection>
<order order_type="Random"/>
</selection_ordering>

<item ident="Week2.Rmd_520760490_section_2_item_1_schoice" title="Question" maxattempts="1">
<itemcontrol feedbackswitch="No" hintswitch="No" solutionswitch="Yes"/>
<itemmetadata>
<qtimetadata>
<qtimetadatafield>
<fieldlabel>question_type</fieldlabel>
<fieldentry>multiple_choice_question</fieldentry>
</qtimetadatafield>
</qtimetadata>
</itemmetadata>
<presentation>
<flow>
<material>
<matbreak/>
<mattext texttype="text/html" charset="utf-8"><![CDATA[
<p>Which chain has the lowest median calories?</p>
]]></mattext>
<matbreak/>
</material>
<response_lid ident="Week2.Rmd_520760490_section_2_item_1_schoice_RESPONSE_9040881" rcardinality="Single" rtiming="No">
<render_choice shuffle="No">
<flow_label class="List">
<response_label ident="Week2.Rmd_520760490_section_2_item_1_schoice_8887506350" rshuffle="No">
<material>
<mattext texttype="text/html" charset="utf-8"><![CDATA[
 Arbys
]]></mattext>
</material>
</response_label>
</flow_label>
<flow_label class="List">
<response_label ident="Week2.Rmd_520760490_section_2_item_1_schoice_5547568482" rshuffle="No">
<material>
<mattext texttype="text/html" charset="utf-8"><![CDATA[
 Taco Bell
]]></mattext>
</material>
</response_label>
</flow_label>
<flow_label class="List">
<response_label ident="Week2.Rmd_520760490_section_2_item_1_schoice_1281451890" rshuffle="No">
<material>
<mattext texttype="text/html" charset="utf-8"><![CDATA[
 Sonic
]]></mattext>
</material>
</response_label>
</flow_label>
<flow_label class="List">
<response_label ident="Week2.Rmd_520760490_section_2_item_1_schoice_9815790671" rshuffle="No">
<material>
<mattext texttype="text/html" charset="utf-8"><![CDATA[
 Burger King
]]></mattext>
</material>
</response_label>
</flow_label>
<flow_label class="List">
<response_label ident="Week2.Rmd_520760490_section_2_item_1_schoice_4928998477" rshuffle="No">
<material>
<mattext texttype="text/html" charset="utf-8"><![CDATA[
 Mcdonalds
]]></mattext>
</material>
</response_label>
</flow_label>
<flow_label class="List">
<response_label ident="Week2.Rmd_520760490_section_2_item_1_schoice_3635259652" rshuffle="No">
<material>
<mattext texttype="text/html" charset="utf-8"><![CDATA[
 Dairy Queen
]]></mattext>
</material>
</response_label>
</flow_label>
<flow_label class="List">
<response_label ident="Week2.Rmd_520760490_section_2_item_1_schoice_4387432840" rshuffle="No">
<material>
<mattext texttype="text/html" charset="utf-8"><![CDATA[
 Subway
]]></mattext>
</material>
</response_label>
</flow_label>
<flow_label class="List">
<response_label ident="Week2.Rmd_520760490_section_2_item_1_schoice_3110970491" rshuffle="No">
<material>
<mattext texttype="text/html" charset="utf-8"><![CDATA[
 Chick Fil-A
]]></mattext>
</material>
</response_label>
</flow_label>
</render_choice>
</response_lid>
</flow>
</presentation>
<resprocessing>
<outcomes>
<decvar varname="SCORE" vartype="Decimal" defaultval="0" minvalue="0" maxvalue="1" cutvalue="1"/>
</outcomes>
<respcondition title="Mastery" continue="No">
<conditionvar>
<and>
<varequal respident="Week2.Rmd_520760490_section_2_item_1_schoice_RESPONSE_9040881" case="Yes">Week2.Rmd_520760490_section_2_item_1_schoice_3110970491</varequal>
<not> <varequal respident="Week2.Rmd_520760490_section_2_item_1_schoice_RESPONSE_9040881" case="Yes">Week2.Rmd_520760490_section_2_item_1_schoice_8887506350</varequal> </not>
<not> <varequal respident="Week2.Rmd_520760490_section_2_item_1_schoice_RESPONSE_9040881" case="Yes">Week2.Rmd_520760490_section_2_item_1_schoice_5547568482</varequal> </not>
<not> <varequal respident="Week2.Rmd_520760490_section_2_item_1_schoice_RESPONSE_9040881" case="Yes">Week2.Rmd_520760490_section_2_item_1_schoice_1281451890</varequal> </not>
<not> <varequal respident="Week2.Rmd_520760490_section_2_item_1_schoice_RESPONSE_9040881" case="Yes">Week2.Rmd_520760490_section_2_item_1_schoice_9815790671</varequal> </not>
<not> <varequal respident="Week2.Rmd_520760490_section_2_item_1_schoice_RESPONSE_9040881" case="Yes">Week2.Rmd_520760490_section_2_item_1_schoice_4928998477</varequal> </not>
<not> <varequal respident="Week2.Rmd_520760490_section_2_item_1_schoice_RESPONSE_9040881" case="Yes">Week2.Rmd_520760490_section_2_item_1_schoice_3635259652</varequal> </not>
<not> <varequal respident="Week2.Rmd_520760490_section_2_item_1_schoice_RESPONSE_9040881" case="Yes">Week2.Rmd_520760490_section_2_item_1_schoice_4387432840</varequal> </not>
</and>
</conditionvar>
<setvar varname="SCORE" action="Set">1</setvar>
<displayfeedback feedbacktype="Response" linkrefid="correct_fb"/>
</respcondition>
<respcondition continue="Yes">
<conditionvar>
<other/>
</conditionvar>
<displayfeedback feedbacktype="Response" linkrefid="general_incorrect_fb"/>
</respcondition>
</resprocessing>
<itemfeedback ident="correct_fb" view="All">
<flow_mat>
<material>
<mattext texttype="text/html"><![CDATA[
<p>Chick Fil-A. 390 calories.</p>
<pre><code># A tibble: 8 × 2
  restaurant  `median(calories, na.rm = TRUE)`
  &lt;chr&gt;                                  &lt;dbl&gt;
1 Arbys                                    550
2 Burger King                              555
3 Chick Fil-A                              390
4 Dairy Queen                              485
5 Mcdonalds                                540
6 Sonic                                    570
7 Subway                                   460
8 Taco Bell                                420</code></pre>
<br />
<ul>
<li> Arbys <br /> False </li>
<li> Taco Bell <br /> False </li>
<li> Sonic <br /> False </li>
<li> Burger King <br /> False </li>
<li> Mcdonalds <br /> False </li>
<li> Dairy Queen <br /> False </li>
<li> Subway <br /> False </li>
<li> Chick Fil-A <br /> True </li>
</ul>
]]></mattext>
</material>
</flow_mat>
</itemfeedback>
<itemfeedback ident="general_incorrect_fb" view="All">
<flow_mat>
<material>
<mattext texttype="text/html"><![CDATA[
<p>Chick Fil-A. 390 calories.</p>
<pre><code># A tibble: 8 × 2
  restaurant  `median(calories, na.rm = TRUE)`
  &lt;chr&gt;                                  &lt;dbl&gt;
1 Arbys                                    550
2 Burger King                              555
3 Chick Fil-A                              390
4 Dairy Queen                              485
5 Mcdonalds                                540
6 Sonic                                    570
7 Subway                                   460
8 Taco Bell                                420</code></pre>
<br />
<ul>
<li> Arbys <br /> False </li>
<li> Taco Bell <br /> False </li>
<li> Sonic <br /> False </li>
<li> Burger King <br /> False </li>
<li> Mcdonalds <br /> False </li>
<li> Dairy Queen <br /> False </li>
<li> Subway <br /> False </li>
<li> Chick Fil-A <br /> True </li>
</ul>
]]></mattext>
</material>
</flow_mat>
</itemfeedback>
</item>


</section>
<section ident="Week2.Rmd_520760490_section_3" title="Exercise">

<objectives>
<material>
<mattext><![CDATA[Please answer the following question.]]></mattext>
</material>
</objectives>
<selection_ordering>
<selection>
<selection_number>1</selection_number>
<selection_extension>
<points_per_item>1</points_per_item>
</selection_extension>
</selection>
<order order_type="Random"/>
</selection_ordering>

<item ident="Week2.Rmd_520760490_section_3_item_1_schoice" title="Question" maxattempts="1">
<itemcontrol feedbackswitch="No" hintswitch="No" solutionswitch="Yes"/>
<itemmetadata>
<qtimetadata>
<qtimetadatafield>
<fieldlabel>question_type</fieldlabel>
<fieldentry>multiple_choice_question</fieldentry>
</qtimetadatafield>
</qtimetadata>
</itemmetadata>
<presentation>
<flow>
<material>
<matbreak/>
<mattext texttype="text/html" charset="utf-8"><![CDATA[
<p>What chain has the highest average <code>TransFatPercentage</code>?</p>
]]></mattext>
<matbreak/>
</material>
<response_lid ident="Week2.Rmd_520760490_section_3_item_1_schoice_RESPONSE_8976099" rcardinality="Single" rtiming="No">
<render_choice shuffle="No">
<flow_label class="List">
<response_label ident="Week2.Rmd_520760490_section_3_item_1_schoice_5291599461" rshuffle="No">
<material>
<mattext texttype="text/html" charset="utf-8"><![CDATA[
 Mcdonalds
]]></mattext>
</material>
</response_label>
</flow_label>
<flow_label class="List">
<response_label ident="Week2.Rmd_520760490_section_3_item_1_schoice_8865649805" rshuffle="No">
<material>
<mattext texttype="text/html" charset="utf-8"><![CDATA[
 Burger King
]]></mattext>
</material>
</response_label>
</flow_label>
<flow_label class="List">
<response_label ident="Week2.Rmd_520760490_section_3_item_1_schoice_2640288843" rshuffle="No">
<material>
<mattext texttype="text/html" charset="utf-8"><![CDATA[
 Chick Fil-A
]]></mattext>
</material>
</response_label>
</flow_label>
<flow_label class="List">
<response_label ident="Week2.Rmd_520760490_section_3_item_1_schoice_8231830439" rshuffle="No">
<material>
<mattext texttype="text/html" charset="utf-8"><![CDATA[
 Dairy Queen
]]></mattext>
</material>
</response_label>
</flow_label>
<flow_label class="List">
<response_label ident="Week2.Rmd_520760490_section_3_item_1_schoice_6244586218" rshuffle="No">
<material>
<mattext texttype="text/html" charset="utf-8"><![CDATA[
 Taco Bell
]]></mattext>
</material>
</response_label>
</flow_label>
<flow_label class="List">
<response_label ident="Week2.Rmd_520760490_section_3_item_1_schoice_2859705319" rshuffle="No">
<material>
<mattext texttype="text/html" charset="utf-8"><![CDATA[
 Subway
]]></mattext>
</material>
</response_label>
</flow_label>
<flow_label class="List">
<response_label ident="Week2.Rmd_520760490_section_3_item_1_schoice_8072481182" rshuffle="No">
<material>
<mattext texttype="text/html" charset="utf-8"><![CDATA[
 Arbys
]]></mattext>
</material>
</response_label>
</flow_label>
<flow_label class="List">
<response_label ident="Week2.Rmd_520760490_section_3_item_1_schoice_9510684743" rshuffle="No">
<material>
<mattext texttype="text/html" charset="utf-8"><![CDATA[
 Sonic
]]></mattext>
</material>
</response_label>
</flow_label>
</render_choice>
</response_lid>
</flow>
</presentation>
<resprocessing>
<outcomes>
<decvar varname="SCORE" vartype="Decimal" defaultval="0" minvalue="0" maxvalue="1" cutvalue="1"/>
</outcomes>
<respcondition title="Mastery" continue="No">
<conditionvar>
<and>
<varequal respident="Week2.Rmd_520760490_section_3_item_1_schoice_RESPONSE_8976099" case="Yes">Week2.Rmd_520760490_section_3_item_1_schoice_8231830439</varequal>
<not> <varequal respident="Week2.Rmd_520760490_section_3_item_1_schoice_RESPONSE_8976099" case="Yes">Week2.Rmd_520760490_section_3_item_1_schoice_5291599461</varequal> </not>
<not> <varequal respident="Week2.Rmd_520760490_section_3_item_1_schoice_RESPONSE_8976099" case="Yes">Week2.Rmd_520760490_section_3_item_1_schoice_8865649805</varequal> </not>
<not> <varequal respident="Week2.Rmd_520760490_section_3_item_1_schoice_RESPONSE_8976099" case="Yes">Week2.Rmd_520760490_section_3_item_1_schoice_2640288843</varequal> </not>
<not> <varequal respident="Week2.Rmd_520760490_section_3_item_1_schoice_RESPONSE_8976099" case="Yes">Week2.Rmd_520760490_section_3_item_1_schoice_6244586218</varequal> </not>
<not> <varequal respident="Week2.Rmd_520760490_section_3_item_1_schoice_RESPONSE_8976099" case="Yes">Week2.Rmd_520760490_section_3_item_1_schoice_2859705319</varequal> </not>
<not> <varequal respident="Week2.Rmd_520760490_section_3_item_1_schoice_RESPONSE_8976099" case="Yes">Week2.Rmd_520760490_section_3_item_1_schoice_8072481182</varequal> </not>
<not> <varequal respident="Week2.Rmd_520760490_section_3_item_1_schoice_RESPONSE_8976099" case="Yes">Week2.Rmd_520760490_section_3_item_1_schoice_9510684743</varequal> </not>
</and>
</conditionvar>
<setvar varname="SCORE" action="Set">1</setvar>
<displayfeedback feedbacktype="Response" linkrefid="correct_fb"/>
</respcondition>
<respcondition continue="Yes">
<conditionvar>
<other/>
</conditionvar>
<displayfeedback feedbacktype="Response" linkrefid="general_incorrect_fb"/>
</respcondition>
</resprocessing>
<itemfeedback ident="correct_fb" view="All">
<flow_mat>
<material>
<mattext texttype="text/html"><![CDATA[
<p>Dairy Queen. 2.23 percent.</p>
<pre><code># A tibble: 8 × 2
  restaurant  `mean(TransFatPercentage, na.rm = TRUE)`
  &lt;chr&gt;                                          &lt;dbl&gt;
1 Arbys                                       0.0137  
2 Burger King                                 0.0184  
3 Chick Fil-A                                 0.000788
4 Dairy Queen                                 0.0223  
5 Mcdonalds                                   0.0122  
6 Sonic                                       0.0188  
7 Subway                                      0.00741 
8 Taco Bell                                   0.00965 </code></pre>
<br />
<ul>
<li> Mcdonalds <br /> False </li>
<li> Burger King <br /> False </li>
<li> Chick Fil-A <br /> False </li>
<li> Dairy Queen <br /> True </li>
<li> Taco Bell <br /> False </li>
<li> Subway <br /> False </li>
<li> Arbys <br /> False </li>
<li> Sonic <br /> False </li>
</ul>
]]></mattext>
</material>
</flow_mat>
</itemfeedback>
<itemfeedback ident="general_incorrect_fb" view="All">
<flow_mat>
<material>
<mattext texttype="text/html"><![CDATA[
<p>Dairy Queen. 2.23 percent.</p>
<pre><code># A tibble: 8 × 2
  restaurant  `mean(TransFatPercentage, na.rm = TRUE)`
  &lt;chr&gt;                                          &lt;dbl&gt;
1 Arbys                                       0.0137  
2 Burger King                                 0.0184  
3 Chick Fil-A                                 0.000788
4 Dairy Queen                                 0.0223  
5 Mcdonalds                                   0.0122  
6 Sonic                                       0.0188  
7 Subway                                      0.00741 
8 Taco Bell                                   0.00965 </code></pre>
<br />
<ul>
<li> Mcdonalds <br /> False </li>
<li> Burger King <br /> False </li>
<li> Chick Fil-A <br /> False </li>
<li> Dairy Queen <br /> True </li>
<li> Taco Bell <br /> False </li>
<li> Subway <br /> False </li>
<li> Arbys <br /> False </li>
<li> Sonic <br /> False </li>
</ul>
]]></mattext>
</material>
</flow_mat>
</itemfeedback>
</item>


</section>
<section ident="Week2.Rmd_520760490_section_4" title="Exercise">

<objectives>
<material>
<mattext><![CDATA[Please answer the following question.]]></mattext>
</material>
</objectives>
<selection_ordering>
<selection>
<selection_number>1</selection_number>
<selection_extension>
<points_per_item>1</points_per_item>
</selection_extension>
</selection>
<order order_type="Random"/>
</selection_ordering>

<item ident="Week2.Rmd_520760490_section_4_item_1_schoice" title="Question" maxattempts="1">
<itemcontrol feedbackswitch="No" hintswitch="No" solutionswitch="Yes"/>
<itemmetadata>
<qtimetadata>
<qtimetadatafield>
<fieldlabel>question_type</fieldlabel>
<fieldentry>multiple_choice_question</fieldentry>
</qtimetadatafield>
</qtimetadata>
</itemmetadata>
<presentation>
<flow>
<material>
<matbreak/>
<mattext texttype="text/html" charset="utf-8"><![CDATA[
<p>What chain has the highest median <code>TransFatPercentage</code>?</p>
]]></mattext>
<matbreak/>
</material>
<response_lid ident="Week2.Rmd_520760490_section_4_item_1_schoice_RESPONSE_7309615" rcardinality="Single" rtiming="No">
<render_choice shuffle="No">
<flow_label class="List">
<response_label ident="Week2.Rmd_520760490_section_4_item_1_schoice_5817378007" rshuffle="No">
<material>
<mattext texttype="text/html" charset="utf-8"><![CDATA[
 Taco Bell
]]></mattext>
</material>
</response_label>
</flow_label>
<flow_label class="List">
<response_label ident="Week2.Rmd_520760490_section_4_item_1_schoice_4771550598" rshuffle="No">
<material>
<mattext texttype="text/html" charset="utf-8"><![CDATA[
 Chick Fil-A
]]></mattext>
</material>
</response_label>
</flow_label>
<flow_label class="List">
<response_label ident="Week2.Rmd_520760490_section_4_item_1_schoice_4760805582" rshuffle="No">
<material>
<mattext texttype="text/html" charset="utf-8"><![CDATA[
 Subway
]]></mattext>
</material>
</response_label>
</flow_label>
<flow_label class="List">
<response_label ident="Week2.Rmd_520760490_section_4_item_1_schoice_8941637586" rshuffle="No">
<material>
<mattext texttype="text/html" charset="utf-8"><![CDATA[
 Dairy Queen
]]></mattext>
</material>
</response_label>
</flow_label>
<flow_label class="List">
<response_label ident="Week2.Rmd_520760490_section_4_item_1_schoice_1877622047" rshuffle="No">
<material>
<mattext texttype="text/html" charset="utf-8"><![CDATA[
 Burger King
]]></mattext>
</material>
</response_label>
</flow_label>
<flow_label class="List">
<response_label ident="Week2.Rmd_520760490_section_4_item_1_schoice_5682902496" rshuffle="No">
<material>
<mattext texttype="text/html" charset="utf-8"><![CDATA[
 Sonic
]]></mattext>
</material>
</response_label>
</flow_label>
<flow_label class="List">
<response_label ident="Week2.Rmd_520760490_section_4_item_1_schoice_9689897214" rshuffle="No">
<material>
<mattext texttype="text/html" charset="utf-8"><![CDATA[
 Mcdonalds
]]></mattext>
</material>
</response_label>
</flow_label>
<flow_label class="List">
<response_label ident="Week2.Rmd_520760490_section_4_item_1_schoice_7719759830" rshuffle="No">
<material>
<mattext texttype="text/html" charset="utf-8"><![CDATA[
 Arbys
]]></mattext>
</material>
</response_label>
</flow_label>
</render_choice>
</response_lid>
</flow>
</presentation>
<resprocessing>
<outcomes>
<decvar varname="SCORE" vartype="Decimal" defaultval="0" minvalue="0" maxvalue="1" cutvalue="1"/>
</outcomes>
<respcondition title="Mastery" continue="No">
<conditionvar>
<and>
<varequal respident="Week2.Rmd_520760490_section_4_item_1_schoice_RESPONSE_7309615" case="Yes">Week2.Rmd_520760490_section_4_item_1_schoice_8941637586</varequal>
<not> <varequal respident="Week2.Rmd_520760490_section_4_item_1_schoice_RESPONSE_7309615" case="Yes">Week2.Rmd_520760490_section_4_item_1_schoice_5817378007</varequal> </not>
<not> <varequal respident="Week2.Rmd_520760490_section_4_item_1_schoice_RESPONSE_7309615" case="Yes">Week2.Rmd_520760490_section_4_item_1_schoice_4771550598</varequal> </not>
<not> <varequal respident="Week2.Rmd_520760490_section_4_item_1_schoice_RESPONSE_7309615" case="Yes">Week2.Rmd_520760490_section_4_item_1_schoice_4760805582</varequal> </not>
<not> <varequal respident="Week2.Rmd_520760490_section_4_item_1_schoice_RESPONSE_7309615" case="Yes">Week2.Rmd_520760490_section_4_item_1_schoice_1877622047</varequal> </not>
<not> <varequal respident="Week2.Rmd_520760490_section_4_item_1_schoice_RESPONSE_7309615" case="Yes">Week2.Rmd_520760490_section_4_item_1_schoice_5682902496</varequal> </not>
<not> <varequal respident="Week2.Rmd_520760490_section_4_item_1_schoice_RESPONSE_7309615" case="Yes">Week2.Rmd_520760490_section_4_item_1_schoice_9689897214</varequal> </not>
<not> <varequal respident="Week2.Rmd_520760490_section_4_item_1_schoice_RESPONSE_7309615" case="Yes">Week2.Rmd_520760490_section_4_item_1_schoice_7719759830</varequal> </not>
</and>
</conditionvar>
<setvar varname="SCORE" action="Set">1</setvar>
<displayfeedback feedbacktype="Response" linkrefid="correct_fb"/>
</respcondition>
<respcondition continue="Yes">
<conditionvar>
<other/>
</conditionvar>
<displayfeedback feedbacktype="Response" linkrefid="general_incorrect_fb"/>
</respcondition>
</resprocessing>
<itemfeedback ident="correct_fb" view="All">
<flow_mat>
<material>
<mattext texttype="text/html"><![CDATA[
<p>Dairy Queen. 1.52 percent.</p>
<pre><code># A tibble: 8 × 2
  restaurant  `median(TransFatPercentage, na.rm = TRUE)`
  &lt;chr&gt;                                            &lt;dbl&gt;
1 Arbys                                           0     
2 Burger King                                     0     
3 Chick Fil-A                                     0     
4 Dairy Queen                                     0.0152
5 Mcdonalds                                       0     
6 Sonic                                           0     
7 Subway                                          0     
8 Taco Bell                                       0     </code></pre>
<br />
<ul>
<li> Taco Bell <br /> False </li>
<li> Chick Fil-A <br /> False </li>
<li> Subway <br /> False </li>
<li> Dairy Queen <br /> True </li>
<li> Burger King <br /> False </li>
<li> Sonic <br /> False </li>
<li> Mcdonalds <br /> False </li>
<li> Arbys <br /> False </li>
</ul>
]]></mattext>
</material>
</flow_mat>
</itemfeedback>
<itemfeedback ident="general_incorrect_fb" view="All">
<flow_mat>
<material>
<mattext texttype="text/html"><![CDATA[
<p>Dairy Queen. 1.52 percent.</p>
<pre><code># A tibble: 8 × 2
  restaurant  `median(TransFatPercentage, na.rm = TRUE)`
  &lt;chr&gt;                                            &lt;dbl&gt;
1 Arbys                                           0     
2 Burger King                                     0     
3 Chick Fil-A                                     0     
4 Dairy Queen                                     0.0152
5 Mcdonalds                                       0     
6 Sonic                                           0     
7 Subway                                          0     
8 Taco Bell                                       0     </code></pre>
<br />
<ul>
<li> Taco Bell <br /> False </li>
<li> Chick Fil-A <br /> False </li>
<li> Subway <br /> False </li>
<li> Dairy Queen <br /> True </li>
<li> Burger King <br /> False </li>
<li> Sonic <br /> False </li>
<li> Mcdonalds <br /> False </li>
<li> Arbys <br /> False </li>
</ul>
]]></mattext>
</material>
</flow_mat>
</itemfeedback>
</item>


</section>
<section ident="Week2.Rmd_520760490_section_5" title="Exercise">

<objectives>
<material>
<mattext><![CDATA[Please answer the following question.]]></mattext>
</material>
</objectives>
<selection_ordering>
<selection>
<selection_number>1</selection_number>
<selection_extension>
<points_per_item>1</points_per_item>
</selection_extension>
</selection>
<order order_type="Random"/>
</selection_ordering>

<item ident="Week2.Rmd_520760490_section_5_item_1_schoice" title="Question" maxattempts="1">
<itemcontrol feedbackswitch="No" hintswitch="No" solutionswitch="Yes"/>
<itemmetadata>
<qtimetadata>
<qtimetadatafield>
<fieldlabel>question_type</fieldlabel>
<fieldentry>multiple_choice_question</fieldentry>
</qtimetadatafield>
</qtimetadata>
</itemmetadata>
<presentation>
<flow>
<material>
<matbreak/>
<mattext texttype="text/html" charset="utf-8"><![CDATA[
<p>Which chain has the highest median sodium?</p>
]]></mattext>
<matbreak/>
</material>
<response_lid ident="Week2.Rmd_520760490_section_5_item_1_schoice_RESPONSE_1276057" rcardinality="Single" rtiming="No">
<render_choice shuffle="No">
<flow_label class="List">
<response_label ident="Week2.Rmd_520760490_section_5_item_1_schoice_6055007072" rshuffle="No">
<material>
<mattext texttype="text/html" charset="utf-8"><![CDATA[
 Subway
]]></mattext>
</material>
</response_label>
</flow_label>
<flow_label class="List">
<response_label ident="Week2.Rmd_520760490_section_5_item_1_schoice_3450103582" rshuffle="No">
<material>
<mattext texttype="text/html" charset="utf-8"><![CDATA[
 Taco Bell
]]></mattext>
</material>
</response_label>
</flow_label>
<flow_label class="List">
<response_label ident="Week2.Rmd_520760490_section_5_item_1_schoice_7841909308" rshuffle="No">
<material>
<mattext texttype="text/html" charset="utf-8"><![CDATA[
 Burger King
]]></mattext>
</material>
</response_label>
</flow_label>
<flow_label class="List">
<response_label ident="Week2.Rmd_520760490_section_5_item_1_schoice_9008482144" rshuffle="No">
<material>
<mattext texttype="text/html" charset="utf-8"><![CDATA[
 Sonic
]]></mattext>
</material>
</response_label>
</flow_label>
<flow_label class="List">
<response_label ident="Week2.Rmd_520760490_section_5_item_1_schoice_8768181053" rshuffle="No">
<material>
<mattext texttype="text/html" charset="utf-8"><![CDATA[
 Chick Fil-A
]]></mattext>
</material>
</response_label>
</flow_label>
<flow_label class="List">
<response_label ident="Week2.Rmd_520760490_section_5_item_1_schoice_2542669095" rshuffle="No">
<material>
<mattext texttype="text/html" charset="utf-8"><![CDATA[
 Dairy Queen
]]></mattext>
</material>
</response_label>
</flow_label>
<flow_label class="List">
<response_label ident="Week2.Rmd_520760490_section_5_item_1_schoice_4757845335" rshuffle="No">
<material>
<mattext texttype="text/html" charset="utf-8"><![CDATA[
 Arbys
]]></mattext>
</material>
</response_label>
</flow_label>
<flow_label class="List">
<response_label ident="Week2.Rmd_520760490_section_5_item_1_schoice_6562097128" rshuffle="No">
<material>
<mattext texttype="text/html" charset="utf-8"><![CDATA[
 Mcdonalds
]]></mattext>
</material>
</response_label>
</flow_label>
</render_choice>
</response_lid>
</flow>
</presentation>
<resprocessing>
<outcomes>
<decvar varname="SCORE" vartype="Decimal" defaultval="0" minvalue="0" maxvalue="1" cutvalue="1"/>
</outcomes>
<respcondition title="Mastery" continue="No">
<conditionvar>
<and>
<varequal respident="Week2.Rmd_520760490_section_5_item_1_schoice_RESPONSE_1276057" case="Yes">Week2.Rmd_520760490_section_5_item_1_schoice_4757845335</varequal>
<not> <varequal respident="Week2.Rmd_520760490_section_5_item_1_schoice_RESPONSE_1276057" case="Yes">Week2.Rmd_520760490_section_5_item_1_schoice_6055007072</varequal> </not>
<not> <varequal respident="Week2.Rmd_520760490_section_5_item_1_schoice_RESPONSE_1276057" case="Yes">Week2.Rmd_520760490_section_5_item_1_schoice_3450103582</varequal> </not>
<not> <varequal respident="Week2.Rmd_520760490_section_5_item_1_schoice_RESPONSE_1276057" case="Yes">Week2.Rmd_520760490_section_5_item_1_schoice_7841909308</varequal> </not>
<not> <varequal respident="Week2.Rmd_520760490_section_5_item_1_schoice_RESPONSE_1276057" case="Yes">Week2.Rmd_520760490_section_5_item_1_schoice_9008482144</varequal> </not>
<not> <varequal respident="Week2.Rmd_520760490_section_5_item_1_schoice_RESPONSE_1276057" case="Yes">Week2.Rmd_520760490_section_5_item_1_schoice_8768181053</varequal> </not>
<not> <varequal respident="Week2.Rmd_520760490_section_5_item_1_schoice_RESPONSE_1276057" case="Yes">Week2.Rmd_520760490_section_5_item_1_schoice_2542669095</varequal> </not>
<not> <varequal respident="Week2.Rmd_520760490_section_5_item_1_schoice_RESPONSE_1276057" case="Yes">Week2.Rmd_520760490_section_5_item_1_schoice_6562097128</varequal> </not>
</and>
</conditionvar>
<setvar varname="SCORE" action="Set">1</setvar>
<displayfeedback feedbacktype="Response" linkrefid="correct_fb"/>
</respcondition>
<respcondition continue="Yes">
<conditionvar>
<other/>
</conditionvar>
<displayfeedback feedbacktype="Response" linkrefid="general_incorrect_fb"/>
</respcondition>
</resprocessing>
<itemfeedback ident="correct_fb" view="All">
<flow_mat>
<material>
<mattext texttype="text/html"><![CDATA[
<p>Arby’s. 1480 mg.</p>
<pre><code># A tibble: 8 × 2
  restaurant  `median(sodium, na.rm = TRUE)`
  &lt;chr&gt;                                &lt;dbl&gt;
1 Arbys                                 1480
2 Burger King                           1150
3 Chick Fil-A                           1000
4 Dairy Queen                           1030
5 Mcdonalds                             1120
6 Sonic                                 1250
7 Subway                                1130
8 Taco Bell                              960</code></pre>
<br />
<ul>
<li> Subway <br /> False </li>
<li> Taco Bell <br /> False </li>
<li> Burger King <br /> False </li>
<li> Sonic <br /> False </li>
<li> Chick Fil-A <br /> False </li>
<li> Dairy Queen <br /> False </li>
<li> Arbys <br /> True </li>
<li> Mcdonalds <br /> False </li>
</ul>
]]></mattext>
</material>
</flow_mat>
</itemfeedback>
<itemfeedback ident="general_incorrect_fb" view="All">
<flow_mat>
<material>
<mattext texttype="text/html"><![CDATA[
<p>Arby’s. 1480 mg.</p>
<pre><code># A tibble: 8 × 2
  restaurant  `median(sodium, na.rm = TRUE)`
  &lt;chr&gt;                                &lt;dbl&gt;
1 Arbys                                 1480
2 Burger King                           1150
3 Chick Fil-A                           1000
4 Dairy Queen                           1030
5 Mcdonalds                             1120
6 Sonic                                 1250
7 Subway                                1130
8 Taco Bell                              960</code></pre>
<br />
<ul>
<li> Subway <br /> False </li>
<li> Taco Bell <br /> False </li>
<li> Burger King <br /> False </li>
<li> Sonic <br /> False </li>
<li> Chick Fil-A <br /> False </li>
<li> Dairy Queen <br /> False </li>
<li> Arbys <br /> True </li>
<li> Mcdonalds <br /> False </li>
</ul>
]]></mattext>
</material>
</flow_mat>
</itemfeedback>
</item>


</section>
<section ident="Week2.Rmd_520760490_section_6" title="Exercise">

<objectives>
<material>
<mattext><![CDATA[Please answer the following question.]]></mattext>
</material>
</objectives>
<selection_ordering>
<selection>
<selection_number>1</selection_number>
<selection_extension>
<points_per_item>1</points_per_item>
</selection_extension>
</selection>
<order order_type="Random"/>
</selection_ordering>

<item ident="Week2.Rmd_520760490_section_6_item_1_schoice" title="Question" maxattempts="1">
<itemcontrol feedbackswitch="No" hintswitch="No" solutionswitch="Yes"/>
<itemmetadata>
<qtimetadata>
<qtimetadatafield>
<fieldlabel>question_type</fieldlabel>
<fieldentry>multiple_choice_question</fieldentry>
</qtimetadatafield>
</qtimetadata>
</itemmetadata>
<presentation>
<flow>
<material>
<matbreak/>
<mattext texttype="text/html" charset="utf-8"><![CDATA[
<p>Which chain has the lowest 3rd quartile of calories?</p>
]]></mattext>
<matbreak/>
</material>
<response_lid ident="Week2.Rmd_520760490_section_6_item_1_schoice_RESPONSE_3895476" rcardinality="Single" rtiming="No">
<render_choice shuffle="No">
<flow_label class="List">
<response_label ident="Week2.Rmd_520760490_section_6_item_1_schoice_5191443987" rshuffle="No">
<material>
<mattext texttype="text/html" charset="utf-8"><![CDATA[
 Chick Fil-A
]]></mattext>
</material>
</response_label>
</flow_label>
<flow_label class="List">
<response_label ident="Week2.Rmd_520760490_section_6_item_1_schoice_8863583937" rshuffle="No">
<material>
<mattext texttype="text/html" charset="utf-8"><![CDATA[
 Subway
]]></mattext>
</material>
</response_label>
</flow_label>
<flow_label class="List">
<response_label ident="Week2.Rmd_520760490_section_6_item_1_schoice_9346378871" rshuffle="No">
<material>
<mattext texttype="text/html" charset="utf-8"><![CDATA[
 Mcdonalds
]]></mattext>
</material>
</response_label>
</flow_label>
<flow_label class="List">
<response_label ident="Week2.Rmd_520760490_section_6_item_1_schoice_1746342795" rshuffle="No">
<material>
<mattext texttype="text/html" charset="utf-8"><![CDATA[
 Dairy Queen
]]></mattext>
</material>
</response_label>
</flow_label>
<flow_label class="List">
<response_label ident="Week2.Rmd_520760490_section_6_item_1_schoice_3080298070" rshuffle="No">
<material>
<mattext texttype="text/html" charset="utf-8"><![CDATA[
 Burger King
]]></mattext>
</material>
</response_label>
</flow_label>
<flow_label class="List">
<response_label ident="Week2.Rmd_520760490_section_6_item_1_schoice_4638097777" rshuffle="No">
<material>
<mattext texttype="text/html" charset="utf-8"><![CDATA[
 Taco Bell
]]></mattext>
</material>
</response_label>
</flow_label>
<flow_label class="List">
<response_label ident="Week2.Rmd_520760490_section_6_item_1_schoice_8296228284" rshuffle="No">
<material>
<mattext texttype="text/html" charset="utf-8"><![CDATA[
 Sonic
]]></mattext>
</material>
</response_label>
</flow_label>
<flow_label class="List">
<response_label ident="Week2.Rmd_520760490_section_6_item_1_schoice_1582179193" rshuffle="No">
<material>
<mattext texttype="text/html" charset="utf-8"><![CDATA[
 Arbys
]]></mattext>
</material>
</response_label>
</flow_label>
</render_choice>
</response_lid>
</flow>
</presentation>
<resprocessing>
<outcomes>
<decvar varname="SCORE" vartype="Decimal" defaultval="0" minvalue="0" maxvalue="1" cutvalue="1"/>
</outcomes>
<respcondition title="Mastery" continue="No">
<conditionvar>
<and>
<varequal respident="Week2.Rmd_520760490_section_6_item_1_schoice_RESPONSE_3895476" case="Yes">Week2.Rmd_520760490_section_6_item_1_schoice_5191443987</varequal>
<not> <varequal respident="Week2.Rmd_520760490_section_6_item_1_schoice_RESPONSE_3895476" case="Yes">Week2.Rmd_520760490_section_6_item_1_schoice_8863583937</varequal> </not>
<not> <varequal respident="Week2.Rmd_520760490_section_6_item_1_schoice_RESPONSE_3895476" case="Yes">Week2.Rmd_520760490_section_6_item_1_schoice_9346378871</varequal> </not>
<not> <varequal respident="Week2.Rmd_520760490_section_6_item_1_schoice_RESPONSE_3895476" case="Yes">Week2.Rmd_520760490_section_6_item_1_schoice_1746342795</varequal> </not>
<not> <varequal respident="Week2.Rmd_520760490_section_6_item_1_schoice_RESPONSE_3895476" case="Yes">Week2.Rmd_520760490_section_6_item_1_schoice_3080298070</varequal> </not>
<not> <varequal respident="Week2.Rmd_520760490_section_6_item_1_schoice_RESPONSE_3895476" case="Yes">Week2.Rmd_520760490_section_6_item_1_schoice_4638097777</varequal> </not>
<not> <varequal respident="Week2.Rmd_520760490_section_6_item_1_schoice_RESPONSE_3895476" case="Yes">Week2.Rmd_520760490_section_6_item_1_schoice_8296228284</varequal> </not>
<not> <varequal respident="Week2.Rmd_520760490_section_6_item_1_schoice_RESPONSE_3895476" case="Yes">Week2.Rmd_520760490_section_6_item_1_schoice_1582179193</varequal> </not>
</and>
</conditionvar>
<setvar varname="SCORE" action="Set">1</setvar>
<displayfeedback feedbacktype="Response" linkrefid="correct_fb"/>
</respcondition>
<respcondition continue="Yes">
<conditionvar>
<other/>
</conditionvar>
<displayfeedback feedbacktype="Response" linkrefid="general_incorrect_fb"/>
</respcondition>
</resprocessing>
<itemfeedback ident="correct_fb" view="All">
<flow_mat>
<material>
<mattext texttype="text/html"><![CDATA[
<p>Chick Fil-A. 480 calories.</p>
<pre><code># A tibble: 8 × 2
  restaurant  `quantile(calories, na.rm = TRUE, probs = c(0.75))`
  &lt;chr&gt;                                                     &lt;dbl&gt;
1 Arbys                                                       690
2 Burger King                                                 760
3 Chick Fil-A                                                 480
4 Dairy Queen                                                 630
5 Mcdonalds                                                   740
6 Sonic                                                       740
7 Subway                                                      740
8 Taco Bell                                                   575</code></pre>
<br />
<ul>
<li> Chick Fil-A <br /> True </li>
<li> Subway <br /> False </li>
<li> Mcdonalds <br /> False </li>
<li> Dairy Queen <br /> False </li>
<li> Burger King <br /> False </li>
<li> Taco Bell <br /> False </li>
<li> Sonic <br /> False </li>
<li> Arbys <br /> False </li>
</ul>
]]></mattext>
</material>
</flow_mat>
</itemfeedback>
<itemfeedback ident="general_incorrect_fb" view="All">
<flow_mat>
<material>
<mattext texttype="text/html"><![CDATA[
<p>Chick Fil-A. 480 calories.</p>
<pre><code># A tibble: 8 × 2
  restaurant  `quantile(calories, na.rm = TRUE, probs = c(0.75))`
  &lt;chr&gt;                                                     &lt;dbl&gt;
1 Arbys                                                       690
2 Burger King                                                 760
3 Chick Fil-A                                                 480
4 Dairy Queen                                                 630
5 Mcdonalds                                                   740
6 Sonic                                                       740
7 Subway                                                      740
8 Taco Bell                                                   575</code></pre>
<br />
<ul>
<li> Chick Fil-A <br /> True </li>
<li> Subway <br /> False </li>
<li> Mcdonalds <br /> False </li>
<li> Dairy Queen <br /> False </li>
<li> Burger King <br /> False </li>
<li> Taco Bell <br /> False </li>
<li> Sonic <br /> False </li>
<li> Arbys <br /> False </li>
</ul>
]]></mattext>
</material>
</flow_mat>
</itemfeedback>
</item>


</section>
<section ident="Week2.Rmd_520760490_section_7" title="Exercise">

<objectives>
<material>
<mattext><![CDATA[Please answer the following question.]]></mattext>
</material>
</objectives>
<selection_ordering>
<selection>
<selection_number>1</selection_number>
<selection_extension>
<points_per_item>1</points_per_item>
</selection_extension>
</selection>
<order order_type="Random"/>
</selection_ordering>

<item ident="Week2.Rmd_520760490_section_7_item_1_schoice" title="Question" maxattempts="1">
<itemcontrol feedbackswitch="No" hintswitch="No" solutionswitch="Yes"/>
<itemmetadata>
<qtimetadata>
<qtimetadatafield>
<fieldlabel>question_type</fieldlabel>
<fieldentry>multiple_choice_question</fieldentry>
</qtimetadatafield>
</qtimetadata>
</itemmetadata>
<presentation>
<flow>
<material>
<matbreak/>
<mattext texttype="text/html" charset="utf-8"><![CDATA[
<p>Which chain has the highest 3rd quartile of protein?</p>
]]></mattext>
<matbreak/>
</material>
<response_lid ident="Week2.Rmd_520760490_section_7_item_1_schoice_RESPONSE_5541132" rcardinality="Single" rtiming="No">
<render_choice shuffle="No">
<flow_label class="List">
<response_label ident="Week2.Rmd_520760490_section_7_item_1_schoice_2002095002" rshuffle="No">
<material>
<mattext texttype="text/html" charset="utf-8"><![CDATA[
 Taco Bell
]]></mattext>
</material>
</response_label>
</flow_label>
<flow_label class="List">
<response_label ident="Week2.Rmd_520760490_section_7_item_1_schoice_4642575751" rshuffle="No">
<material>
<mattext texttype="text/html" charset="utf-8"><![CDATA[
 Mcdonalds
]]></mattext>
</material>
</response_label>
</flow_label>
<flow_label class="List">
<response_label ident="Week2.Rmd_520760490_section_7_item_1_schoice_4785265100" rshuffle="No">
<material>
<mattext texttype="text/html" charset="utf-8"><![CDATA[
 Sonic
]]></mattext>
</material>
</response_label>
</flow_label>
<flow_label class="List">
<response_label ident="Week2.Rmd_520760490_section_7_item_1_schoice_9311969541" rshuffle="No">
<material>
<mattext texttype="text/html" charset="utf-8"><![CDATA[
 Dairy Queen
]]></mattext>
</material>
</response_label>
</flow_label>
<flow_label class="List">
<response_label ident="Week2.Rmd_520760490_section_7_item_1_schoice_9652925341" rshuffle="No">
<material>
<mattext texttype="text/html" charset="utf-8"><![CDATA[
 Chick Fil-A
]]></mattext>
</material>
</response_label>
</flow_label>
<flow_label class="List">
<response_label ident="Week2.Rmd_520760490_section_7_item_1_schoice_2706898675" rshuffle="No">
<material>
<mattext texttype="text/html" charset="utf-8"><![CDATA[
 Burger King
]]></mattext>
</material>
</response_label>
</flow_label>
<flow_label class="List">
<response_label ident="Week2.Rmd_520760490_section_7_item_1_schoice_7569720502" rshuffle="No">
<material>
<mattext texttype="text/html" charset="utf-8"><![CDATA[
 Arbys
]]></mattext>
</material>
</response_label>
</flow_label>
<flow_label class="List">
<response_label ident="Week2.Rmd_520760490_section_7_item_1_schoice_1193572269" rshuffle="No">
<material>
<mattext texttype="text/html" charset="utf-8"><![CDATA[
 Subway
]]></mattext>
</material>
</response_label>
</flow_label>
</render_choice>
</response_lid>
</flow>
</presentation>
<resprocessing>
<outcomes>
<decvar varname="SCORE" vartype="Decimal" defaultval="0" minvalue="0" maxvalue="1" cutvalue="1"/>
</outcomes>
<respcondition title="Mastery" continue="No">
<conditionvar>
<and>
<varequal respident="Week2.Rmd_520760490_section_7_item_1_schoice_RESPONSE_5541132" case="Yes">Week2.Rmd_520760490_section_7_item_1_schoice_4642575751</varequal>
<not> <varequal respident="Week2.Rmd_520760490_section_7_item_1_schoice_RESPONSE_5541132" case="Yes">Week2.Rmd_520760490_section_7_item_1_schoice_2002095002</varequal> </not>
<not> <varequal respident="Week2.Rmd_520760490_section_7_item_1_schoice_RESPONSE_5541132" case="Yes">Week2.Rmd_520760490_section_7_item_1_schoice_4785265100</varequal> </not>
<not> <varequal respident="Week2.Rmd_520760490_section_7_item_1_schoice_RESPONSE_5541132" case="Yes">Week2.Rmd_520760490_section_7_item_1_schoice_9311969541</varequal> </not>
<not> <varequal respident="Week2.Rmd_520760490_section_7_item_1_schoice_RESPONSE_5541132" case="Yes">Week2.Rmd_520760490_section_7_item_1_schoice_9652925341</varequal> </not>
<not> <varequal respident="Week2.Rmd_520760490_section_7_item_1_schoice_RESPONSE_5541132" case="Yes">Week2.Rmd_520760490_section_7_item_1_schoice_2706898675</varequal> </not>
<not> <varequal respident="Week2.Rmd_520760490_section_7_item_1_schoice_RESPONSE_5541132" case="Yes">Week2.Rmd_520760490_section_7_item_1_schoice_7569720502</varequal> </not>
<not> <varequal respident="Week2.Rmd_520760490_section_7_item_1_schoice_RESPONSE_5541132" case="Yes">Week2.Rmd_520760490_section_7_item_1_schoice_1193572269</varequal> </not>
</and>
</conditionvar>
<setvar varname="SCORE" action="Set">1</setvar>
<displayfeedback feedbacktype="Response" linkrefid="correct_fb"/>
</respcondition>
<respcondition continue="Yes">
<conditionvar>
<other/>
</conditionvar>
<displayfeedback feedbacktype="Response" linkrefid="general_incorrect_fb"/>
</respcondition>
</resprocessing>
<itemfeedback ident="correct_fb" view="All">
<flow_mat>
<material>
<mattext texttype="text/html"><![CDATA[
<p>McDonalds. 46 g protein.</p>
<pre><code># A tibble: 8 × 2
  restaurant  `quantile(protein, na.rm = TRUE, probs = c(0.75))`
  &lt;chr&gt;                                                    &lt;dbl&gt;
1 Arbys                                                       38
2 Burger King                                                 36
3 Chick Fil-A                                                 37
4 Dairy Queen                                                 34
5 Mcdonalds                                                   46
6 Sonic                                                       35
7 Subway                                                      40
8 Taco Bell                                                   22</code></pre>
<br />
<ul>
<li> Taco Bell <br /> False </li>
<li> Mcdonalds <br /> True </li>
<li> Sonic <br /> False </li>
<li> Dairy Queen <br /> False </li>
<li> Chick Fil-A <br /> False </li>
<li> Burger King <br /> False </li>
<li> Arbys <br /> False </li>
<li> Subway <br /> False </li>
</ul>
]]></mattext>
</material>
</flow_mat>
</itemfeedback>
<itemfeedback ident="general_incorrect_fb" view="All">
<flow_mat>
<material>
<mattext texttype="text/html"><![CDATA[
<p>McDonalds. 46 g protein.</p>
<pre><code># A tibble: 8 × 2
  restaurant  `quantile(protein, na.rm = TRUE, probs = c(0.75))`
  &lt;chr&gt;                                                    &lt;dbl&gt;
1 Arbys                                                       38
2 Burger King                                                 36
3 Chick Fil-A                                                 37
4 Dairy Queen                                                 34
5 Mcdonalds                                                   46
6 Sonic                                                       35
7 Subway                                                      40
8 Taco Bell                                                   22</code></pre>
<br />
<ul>
<li> Taco Bell <br /> False </li>
<li> Mcdonalds <br /> True </li>
<li> Sonic <br /> False </li>
<li> Dairy Queen <br /> False </li>
<li> Chick Fil-A <br /> False </li>
<li> Burger King <br /> False </li>
<li> Arbys <br /> False </li>
<li> Subway <br /> False </li>
</ul>
]]></mattext>
</material>
</flow_mat>
</itemfeedback>
</item>


</section>
<section ident="Week2.Rmd_520760490_section_8" title="Exercise">

<objectives>
<material>
<mattext><![CDATA[Please answer the following question.]]></mattext>
</material>
</objectives>
<selection_ordering>
<selection>
<selection_number>1</selection_number>
<selection_extension>
<points_per_item>1</points_per_item>
</selection_extension>
</selection>
<order order_type="Random"/>
</selection_ordering>

<item ident="Week2.Rmd_520760490_section_8_item_1_mchoice" title="Question" maxattempts="1">
<itemcontrol feedbackswitch="No" hintswitch="No" solutionswitch="Yes"/>
<itemmetadata>
<qtimetadata>
<qtimetadatafield>
<fieldlabel>question_type</fieldlabel>
<fieldentry>multiple_answers_question</fieldentry>
</qtimetadatafield>
</qtimetadata>
</itemmetadata>
<presentation>
<flow>
<material>
<matbreak/>
<mattext texttype="text/html" charset="utf-8"><![CDATA[
<p>Create the variable <code>TransFatPercentage</code> which is <code>trans_fat / total_fat</code>. Name the four worst [highest value] chains.</p>
]]></mattext>
<matbreak/>
</material>
<response_lid ident="Week2.Rmd_520760490_section_8_item_1_mchoice_RESPONSE_7121403" rcardinality="Multiple" rtiming="No">
<render_choice shuffle="No">
<flow_label class="List">
<response_label ident="Week2.Rmd_520760490_section_8_item_1_mchoice_5260373809" rshuffle="No">
<material>
<mattext texttype="text/html" charset="utf-8"><![CDATA[
 Burger King
]]></mattext>
</material>
</response_label>
</flow_label>
<flow_label class="List">
<response_label ident="Week2.Rmd_520760490_section_8_item_1_mchoice_9784885205" rshuffle="No">
<material>
<mattext texttype="text/html" charset="utf-8"><![CDATA[
 Chick Fil-A
]]></mattext>
</material>
</response_label>
</flow_label>
<flow_label class="List">
<response_label ident="Week2.Rmd_520760490_section_8_item_1_mchoice_8555516831" rshuffle="No">
<material>
<mattext texttype="text/html" charset="utf-8"><![CDATA[
 Sonic
]]></mattext>
</material>
</response_label>
</flow_label>
<flow_label class="List">
<response_label ident="Week2.Rmd_520760490_section_8_item_1_mchoice_4994144731" rshuffle="No">
<material>
<mattext texttype="text/html" charset="utf-8"><![CDATA[
 Taco Bell
]]></mattext>
</material>
</response_label>
</flow_label>
<flow_label class="List">
<response_label ident="Week2.Rmd_520760490_section_8_item_1_mchoice_9418988668" rshuffle="No">
<material>
<mattext texttype="text/html" charset="utf-8"><![CDATA[
 Dairy Queen
]]></mattext>
</material>
</response_label>
</flow_label>
<flow_label class="List">
<response_label ident="Week2.Rmd_520760490_section_8_item_1_mchoice_8245057277" rshuffle="No">
<material>
<mattext texttype="text/html" charset="utf-8"><![CDATA[
 Arbys
]]></mattext>
</material>
</response_label>
</flow_label>
<flow_label class="List">
<response_label ident="Week2.Rmd_520760490_section_8_item_1_mchoice_3473028758" rshuffle="No">
<material>
<mattext texttype="text/html" charset="utf-8"><![CDATA[
 Mcdonalds
]]></mattext>
</material>
</response_label>
</flow_label>
<flow_label class="List">
<response_label ident="Week2.Rmd_520760490_section_8_item_1_mchoice_1943005642" rshuffle="No">
<material>
<mattext texttype="text/html" charset="utf-8"><![CDATA[
 Subway
]]></mattext>
</material>
</response_label>
</flow_label>
</render_choice>
</response_lid>
</flow>
</presentation>
<resprocessing>
<outcomes>
<decvar varname="SCORE" vartype="Decimal" defaultval="0" minvalue="0" maxvalue="1" cutvalue="1"/>
</outcomes>
<respcondition continue="Yes" title="Mastery">
<conditionvar>
<varequal respident="Week2.Rmd_520760490_section_8_item_1_mchoice_RESPONSE_7121403" case="Yes">Week2.Rmd_520760490_section_8_item_1_mchoice_5260373809</varequal>
</conditionvar>
<setvar varname="SCORE" action="Add">0.25</setvar>
</respcondition>
<respcondition continue="Yes" title="Mastery">
<conditionvar>
<varequal respident="Week2.Rmd_520760490_section_8_item_1_mchoice_RESPONSE_7121403" case="Yes">Week2.Rmd_520760490_section_8_item_1_mchoice_4994144731</varequal>
</conditionvar>
<setvar varname="SCORE" action="Add">0.25</setvar>
</respcondition>
<respcondition continue="Yes" title="Mastery">
<conditionvar>
<varequal respident="Week2.Rmd_520760490_section_8_item_1_mchoice_RESPONSE_7121403" case="Yes">Week2.Rmd_520760490_section_8_item_1_mchoice_9418988668</varequal>
</conditionvar>
<setvar varname="SCORE" action="Add">0.25</setvar>
</respcondition>
<respcondition continue="Yes" title="Mastery">
<conditionvar>
<varequal respident="Week2.Rmd_520760490_section_8_item_1_mchoice_RESPONSE_7121403" case="Yes">Week2.Rmd_520760490_section_8_item_1_mchoice_8245057277</varequal>
</conditionvar>
<setvar varname="SCORE" action="Add">0.25</setvar>
</respcondition>
<respcondition continue="Yes" title="Fail">
<conditionvar>
<varequal respident="Week2.Rmd_520760490_section_8_item_1_mchoice_RESPONSE_7121403" case="Yes">Week2.Rmd_520760490_section_8_item_1_mchoice_9784885205</varequal>
</conditionvar>
<setvar varname="SCORE" action="Add">-0.25</setvar>
<displayfeedback feedbacktype="Solution" linkrefid="Solution"/>
</respcondition>
<respcondition continue="Yes" title="Fail">
<conditionvar>
<varequal respident="Week2.Rmd_520760490_section_8_item_1_mchoice_RESPONSE_7121403" case="Yes">Week2.Rmd_520760490_section_8_item_1_mchoice_8555516831</varequal>
</conditionvar>
<setvar varname="SCORE" action="Add">-0.25</setvar>
<displayfeedback feedbacktype="Solution" linkrefid="Solution"/>
</respcondition>
<respcondition continue="Yes" title="Fail">
<conditionvar>
<varequal respident="Week2.Rmd_520760490_section_8_item_1_mchoice_RESPONSE_7121403" case="Yes">Week2.Rmd_520760490_section_8_item_1_mchoice_3473028758</varequal>
</conditionvar>
<setvar varname="SCORE" action="Add">-0.25</setvar>
<displayfeedback feedbacktype="Solution" linkrefid="Solution"/>
</respcondition>
<respcondition continue="Yes" title="Fail">
<conditionvar>
<varequal respident="Week2.Rmd_520760490_section_8_item_1_mchoice_RESPONSE_7121403" case="Yes">Week2.Rmd_520760490_section_8_item_1_mchoice_1943005642</varequal>
</conditionvar>
<setvar varname="SCORE" action="Add">-0.25</setvar>
<displayfeedback feedbacktype="Solution" linkrefid="Solution"/>
</respcondition>
<respcondition title="Mastery" continue="No">
<conditionvar>
<and>
<varequal respident="Week2.Rmd_520760490_section_8_item_1_mchoice_RESPONSE_7121403" case="Yes">Week2.Rmd_520760490_section_8_item_1_mchoice_5260373809</varequal>
<varequal respident="Week2.Rmd_520760490_section_8_item_1_mchoice_RESPONSE_7121403" case="Yes">Week2.Rmd_520760490_section_8_item_1_mchoice_4994144731</varequal>
<varequal respident="Week2.Rmd_520760490_section_8_item_1_mchoice_RESPONSE_7121403" case="Yes">Week2.Rmd_520760490_section_8_item_1_mchoice_9418988668</varequal>
<varequal respident="Week2.Rmd_520760490_section_8_item_1_mchoice_RESPONSE_7121403" case="Yes">Week2.Rmd_520760490_section_8_item_1_mchoice_8245057277</varequal>
<not> <varequal respident="Week2.Rmd_520760490_section_8_item_1_mchoice_RESPONSE_7121403" case="Yes">Week2.Rmd_520760490_section_8_item_1_mchoice_9784885205</varequal> </not>
<not> <varequal respident="Week2.Rmd_520760490_section_8_item_1_mchoice_RESPONSE_7121403" case="Yes">Week2.Rmd_520760490_section_8_item_1_mchoice_8555516831</varequal> </not>
<not> <varequal respident="Week2.Rmd_520760490_section_8_item_1_mchoice_RESPONSE_7121403" case="Yes">Week2.Rmd_520760490_section_8_item_1_mchoice_3473028758</varequal> </not>
<not> <varequal respident="Week2.Rmd_520760490_section_8_item_1_mchoice_RESPONSE_7121403" case="Yes">Week2.Rmd_520760490_section_8_item_1_mchoice_1943005642</varequal> </not>
</and>
</conditionvar>
<displayfeedback feedbacktype="Response" linkrefid="correct_fb"/>
</respcondition>
<respcondition continue="Yes">
<conditionvar>
<other/>
</conditionvar>
<displayfeedback feedbacktype="Response" linkrefid="general_incorrect_fb"/>
</respcondition>
</resprocessing>
<itemfeedback ident="correct_fb" view="All">
<flow_mat>
<material>
<mattext texttype="text/html"><![CDATA[
<p>Burger King’s Chicken Fries, Dairy Queen’s Deluxe Hamburger, Taco Bell’s Meximelt and Arby’s Half Pound Roast Beef</p>
<pre><code># A tibble: 5 × 3
  restaurant  item                           TransFatPercentage
  &lt;chr&gt;       &lt;chr&gt;                                       &lt;dbl&gt;
1 Burger King Chicken Fries                              0.0882
2 Dairy Queen Deluxe Hamburger                           0.0714
3 Taco Bell   MexiMeltÂ®                                 0.0714
4 Arbys       Half Pound Roast Beef Sandwich             0.0667
5 Burger King American Brewhouse King                    0.0635</code></pre>
<br />
<ul>
<li> Burger King <br /> True </li>
<li> Chick Fil-A <br /> False </li>
<li> Sonic <br /> False </li>
<li> Taco Bell <br /> True </li>
<li> Dairy Queen <br /> True </li>
<li> Arbys <br /> True </li>
<li> Mcdonalds <br /> False </li>
<li> Subway <br /> False </li>
</ul>
]]></mattext>
</material>
</flow_mat>
</itemfeedback>
<itemfeedback ident="general_incorrect_fb" view="All">
<flow_mat>
<material>
<mattext texttype="text/html"><![CDATA[
<p>Burger King’s Chicken Fries, Dairy Queen’s Deluxe Hamburger, Taco Bell’s Meximelt and Arby’s Half Pound Roast Beef</p>
<pre><code># A tibble: 5 × 3
  restaurant  item                           TransFatPercentage
  &lt;chr&gt;       &lt;chr&gt;                                       &lt;dbl&gt;
1 Burger King Chicken Fries                              0.0882
2 Dairy Queen Deluxe Hamburger                           0.0714
3 Taco Bell   MexiMeltÂ®                                 0.0714
4 Arbys       Half Pound Roast Beef Sandwich             0.0667
5 Burger King American Brewhouse King                    0.0635</code></pre>
<br />
<ul>
<li> Burger King <br /> True </li>
<li> Chick Fil-A <br /> False </li>
<li> Sonic <br /> False </li>
<li> Taco Bell <br /> True </li>
<li> Dairy Queen <br /> True </li>
<li> Arbys <br /> True </li>
<li> Mcdonalds <br /> False </li>
<li> Subway <br /> False </li>
</ul>
]]></mattext>
</material>
</flow_mat>
</itemfeedback>
</item>


</section>

</assessment>
</questestinterop>
