<?xml version="1.0" encoding="UTF-8"?>
<!DOCTYPE questestinterop SYSTEM "ims_qtiasiv1p2p1.dtd">

<questestinterop>
<assessment ident="BFTest.Rmd_991743614" title="BFTest.Rmd">

<qtimetadata>
<qtimetadatafield>
<fieldlabel>cc_maxattempts</fieldlabel>
<fieldentry>1</fieldentry>
</qtimetadatafield>
<qtimetadatafield>
<fieldlabel>qmd_assessmenttype</fieldlabel>
<fieldentry>Assessment</fieldentry>
</qtimetadatafield>
</qtimetadata>
<objectives>
<material>
<mattext><![CDATA[Please solve the following exercises.]]></mattext>
</material>
</objectives>
<assessmentcontrol feedbackswitch="No" hintswitch="No" solutionswitch="Yes"/>
<outcomes_processing scoremodel="SumOfScores">
<outcomes>
<decvar varname="SCORE" vartype="Decimal" cutvalue="0"/>
</outcomes>
</outcomes_processing>
<assessfeedback title="AssessmentFeedback" ident="AssessmentFeedback">
<flow_mat>
<material>
<mattext>##AssessmentFeedback##</mattext>
</material>
</flow_mat>
</assessfeedback>

<section ident="BFTest.Rmd_991743614_section_1" title="Exercise">

<objectives>
<material>
<mattext><![CDATA[Please answer the following question.]]></mattext>
</material>
</objectives>
<selection_ordering>
<selection>
<selection_number>1</selection_number>
<selection_extension>
<points_per_item>1</points_per_item>
</selection_extension>
</selection>
<order order_type="Random"/>
</selection_ordering>

<item ident="BFTest.Rmd_991743614_section_1_item_1_num" title="Question" maxattempts="1">
<itemcontrol feedbackswitch="No" hintswitch="No" solutionswitch="Yes"/>
<itemmetadata>
<qtimetadata>
<qtimetadatafield>
<fieldlabel>question_type</fieldlabel>
<fieldentry>numerical_question</fieldentry>
</qtimetadatafield>
</qtimetadata>
</itemmetadata>
<presentation>
<flow>
<material>
<matbreak/>
<mattext texttype="text/html" charset="utf-8"><![CDATA[
<br />

<table class="kable_wrapper">
<tbody>
<tr>
<td>
<table>
<thead>
<tr>
<th style="text-align:left;">
Fees
</th>
<th style="text-align:left;">
variable
</th>
<th style="text-align:right;">
mean
</th>
<th style="text-align:right;">
median
</th>
<th style="text-align:right;">
min
</th>
<th style="text-align:right;">
max
</th>
<th style="text-align:right;">
p25
</th>
<th style="text-align:right;">
p75
</th>
</tr>
</thead>
<tbody>
<tr>
<td style="text-align:left;">
No
</td>
<td style="text-align:left;">
Expense_Ratio
</td>
<td style="text-align:right;">
0.6253077
</td>
<td style="text-align:right;">
0.600
</td>
<td style="text-align:right;">
0.12
</td>
<td style="text-align:right;">
1.94
</td>
<td style="text-align:right;">
0.5000
</td>
<td style="text-align:right;">
0.73
</td>
</tr>
<tr>
<td style="text-align:left;">
Yes
</td>
<td style="text-align:left;">
Expense_Ratio
</td>
<td style="text-align:right;">
0.9200000
</td>
<td style="text-align:right;">
0.945
</td>
<td style="text-align:right;">
0.43
</td>
<td style="text-align:right;">
1.16
</td>
<td style="text-align:right;">
0.8525
</td>
<td style="text-align:right;">
1.00
</td>
</tr>
</tbody>
</table>
</td>
</tr>
</tbody>
</table>
<p>The median <code>Expense_Ratio</code> for Funds with <strong>Yes</strong> on <code>Fees</code> is (to two digits)?</p>
]]></mattext>
<matbreak/>
</material>
<response_num ident="BFTest.Rmd_991743614_section_1_item_1_num_RESPONSE_6869123" rcardinality="Single" numtype="Decimal">
<render_fib fibtype="Decimal" maxchars="12">
<flow_label class="Block">
<response_label ident="BFTest.Rmd_991743614_section_1_item_1_num_RESPONSE_6869123" rshuffle="No"/>
</flow_label>
</render_fib>
</response_num>
<material>
<matbreak/>
</material>
</flow>
</presentation>
<resprocessing>
<outcomes>
<decvar varname="SCORE" vartype="Decimal" defaultval="0" minvalue="0" maxvalue="1" cutvalue="1"/>
</outcomes>
<respcondition title="Mastery" continue="No">
<conditionvar>

<or>
<varequal respident="BFTest.Rmd_991743614_section_1_item_1_num_RESPONSE_6869123" case="No"><![CDATA[0.945]]></varequal>
<and>
<vargte respident="BFTest.Rmd_991743614_section_1_item_1_num_RESPONSE_6869123"><![CDATA[0.9399]]></vargte>
<varlte respident="BFTest.Rmd_991743614_section_1_item_1_num_RESPONSE_6869123"><![CDATA[0.9501]]></varlte>
</and>
</or>
</conditionvar>
<setvar varname="SCORE" action="Set">1</setvar>
<displayfeedback feedbacktype="Response" linkrefid="correct_fb"/>
</respcondition>
<respcondition continue="Yes">
<conditionvar>
<other/>
</conditionvar>
<displayfeedback feedbacktype="Response" linkrefid="general_incorrect_fb"/>
</respcondition>
</resprocessing>
<itemfeedback ident="correct_fb" view="All">
<flow_mat>
<material>
<mattext texttype="text/html"><![CDATA[
<p>The median <code>Expense_Ratio</code> for Funds with <strong>Average</strong> Risk levels is 0.945.</p>
]]></mattext>
</material>
</flow_mat>
</itemfeedback>
<itemfeedback ident="general_incorrect_fb" view="All">
<flow_mat>
<material>
<mattext texttype="text/html"><![CDATA[
<p>The median <code>Expense_Ratio</code> for Funds with <strong>Average</strong> Risk levels is 0.945.</p>
]]></mattext>
</material>
</flow_mat>
</itemfeedback>
</item>


</section>
<section ident="BFTest.Rmd_991743614_section_2" title="Exercise">

<objectives>
<material>
<mattext><![CDATA[Please answer the following question.]]></mattext>
</material>
</objectives>
<selection_ordering>
<selection>
<selection_number>1</selection_number>
<selection_extension>
<points_per_item>1</points_per_item>
</selection_extension>
</selection>
<order order_type="Random"/>
</selection_ordering>

<item ident="BFTest.Rmd_991743614_section_2_item_1_num" title="Question" maxattempts="1">
<itemcontrol feedbackswitch="No" hintswitch="No" solutionswitch="Yes"/>
<itemmetadata>
<qtimetadata>
<qtimetadatafield>
<fieldlabel>question_type</fieldlabel>
<fieldentry>numerical_question</fieldentry>
</qtimetadatafield>
</qtimetadata>
</itemmetadata>
<presentation>
<flow>
<material>
<matbreak/>
<mattext texttype="text/html" charset="utf-8"><![CDATA[
<br />

<table class="kable_wrapper">
<tbody>
<tr>
<td>
<table>
<thead>
<tr>
<th style="text-align:left;">
Risk
</th>
<th style="text-align:left;">
variable
</th>
<th style="text-align:right;">
mean
</th>
<th style="text-align:right;">
median
</th>
<th style="text-align:right;">
min
</th>
<th style="text-align:right;">
max
</th>
<th style="text-align:right;">
p25
</th>
<th style="text-align:right;">
p75
</th>
</tr>
</thead>
<tbody>
<tr>
<td style="text-align:left;">
Above average
</td>
<td style="text-align:left;">
Expense_Ratio
</td>
<td style="text-align:right;">
0.7093220
</td>
<td style="text-align:right;">
0.700
</td>
<td style="text-align:right;">
0.12
</td>
<td style="text-align:right;">
1.94
</td>
<td style="text-align:right;">
0.5050
</td>
<td style="text-align:right;">
0.9350
</td>
</tr>
<tr>
<td style="text-align:left;">
Average
</td>
<td style="text-align:left;">
Expense_Ratio
</td>
<td style="text-align:right;">
0.7218841
</td>
<td style="text-align:right;">
0.700
</td>
<td style="text-align:right;">
0.13
</td>
<td style="text-align:right;">
1.58
</td>
<td style="text-align:right;">
0.5400
</td>
<td style="text-align:right;">
0.9000
</td>
</tr>
<tr>
<td style="text-align:left;">
Below average
</td>
<td style="text-align:left;">
Expense_Ratio
</td>
<td style="text-align:right;">
0.7019643
</td>
<td style="text-align:right;">
0.675
</td>
<td style="text-align:right;">
0.32
</td>
<td style="text-align:right;">
1.13
</td>
<td style="text-align:right;">
0.5475
</td>
<td style="text-align:right;">
0.8925
</td>
</tr>
</tbody>
</table>
</td>
</tr>
</tbody>
</table>
<p>The median <code>Expense_Ratio</code> for Funds with <strong>Average</strong> Risk levels is?</p>
]]></mattext>
<matbreak/>
</material>
<response_num ident="BFTest.Rmd_991743614_section_2_item_1_num_RESPONSE_2079053" rcardinality="Single" numtype="Decimal">
<render_fib fibtype="Decimal" maxchars="12">
<flow_label class="Block">
<response_label ident="BFTest.Rmd_991743614_section_2_item_1_num_RESPONSE_2079053" rshuffle="No"/>
</flow_label>
</render_fib>
</response_num>
<material>
<matbreak/>
</material>
</flow>
</presentation>
<resprocessing>
<outcomes>
<decvar varname="SCORE" vartype="Decimal" defaultval="0" minvalue="0" maxvalue="1" cutvalue="1"/>
</outcomes>
<respcondition title="Mastery" continue="No">
<conditionvar>

<or>
<varequal respident="BFTest.Rmd_991743614_section_2_item_1_num_RESPONSE_2079053" case="No"><![CDATA[0.7]]></varequal>
<and>
<vargte respident="BFTest.Rmd_991743614_section_2_item_1_num_RESPONSE_2079053"><![CDATA[0.699]]></vargte>
<varlte respident="BFTest.Rmd_991743614_section_2_item_1_num_RESPONSE_2079053"><![CDATA[0.701]]></varlte>
</and>
</or>
</conditionvar>
<setvar varname="SCORE" action="Set">1</setvar>
<displayfeedback feedbacktype="Response" linkrefid="correct_fb"/>
</respcondition>
<respcondition continue="Yes">
<conditionvar>
<other/>
</conditionvar>
<displayfeedback feedbacktype="Response" linkrefid="general_incorrect_fb"/>
</respcondition>
</resprocessing>
<itemfeedback ident="correct_fb" view="All">
<flow_mat>
<material>
<mattext texttype="text/html"><![CDATA[
<p>The median <code>Expense_Ratio</code> for Funds with <strong>Average</strong> Risk levels is 0.7.</p>
]]></mattext>
</material>
</flow_mat>
</itemfeedback>
<itemfeedback ident="general_incorrect_fb" view="All">
<flow_mat>
<material>
<mattext texttype="text/html"><![CDATA[
<p>The median <code>Expense_Ratio</code> for Funds with <strong>Average</strong> Risk levels is 0.7.</p>
]]></mattext>
</material>
</flow_mat>
</itemfeedback>
</item>


</section>
<section ident="BFTest.Rmd_991743614_section_3" title="Exercise">

<objectives>
<material>
<mattext><![CDATA[Please answer the following question.]]></mattext>
</material>
</objectives>
<selection_ordering>
<selection>
<selection_number>1</selection_number>
<selection_extension>
<points_per_item>1</points_per_item>
</selection_extension>
</selection>
<order order_type="Random"/>
</selection_ordering>

<item ident="BFTest.Rmd_991743614_section_3_item_1_mchoice" title="Question" maxattempts="1">
<itemcontrol feedbackswitch="No" hintswitch="No" solutionswitch="Yes"/>
<itemmetadata>
<qtimetadata>
<qtimetadatafield>
<fieldlabel>question_type</fieldlabel>
<fieldentry>multiple_answers_question</fieldentry>
</qtimetadatafield>
</qtimetadata>
</itemmetadata>
<presentation>
<flow>
<material>
<matbreak/>
<mattext texttype="text/html" charset="utf-8"><![CDATA[
<p>In the following figure the distributions of a variable
given by two samples (A and B) are represented by parallel boxplots.
Which of the following statements are correct? <em>(Comment: The
statements are either about correct or clearly wrong.)</em><br />
<img src="data/supplements_1_3/boxplot-1.png" /></p>
]]></mattext>
<matbreak/>
</material>
<response_lid ident="BFTest.Rmd_991743614_section_3_item_1_mchoice_RESPONSE_9613854" rcardinality="Multiple" rtiming="No">
<render_choice shuffle="No">
<flow_label class="List">
<response_label ident="BFTest.Rmd_991743614_section_3_item_1_mchoice_1577651004" rshuffle="No">
<material>
<mattext texttype="text/html" charset="utf-8"><![CDATA[
 The location of both distributions is about the same.
]]></mattext>
</material>
</response_label>
</flow_label>
<flow_label class="List">
<response_label ident="BFTest.Rmd_991743614_section_3_item_1_mchoice_5823753723" rshuffle="No">
<material>
<mattext texttype="text/html" charset="utf-8"><![CDATA[
 Both distributions contain no outliers.
]]></mattext>
</material>
</response_label>
</flow_label>
<flow_label class="List">
<response_label ident="BFTest.Rmd_991743614_section_3_item_1_mchoice_3848673326" rshuffle="No">
<material>
<mattext texttype="text/html" charset="utf-8"><![CDATA[
 The spread in sample A is clearly bigger than in B.
]]></mattext>
</material>
</response_label>
</flow_label>
<flow_label class="List">
<response_label ident="BFTest.Rmd_991743614_section_3_item_1_mchoice_1152877712" rshuffle="No">
<material>
<mattext texttype="text/html" charset="utf-8"><![CDATA[
 The skewness of both samples is similar.
]]></mattext>
</material>
</response_label>
</flow_label>
<flow_label class="List">
<response_label ident="BFTest.Rmd_991743614_section_3_item_1_mchoice_2917421663" rshuffle="No">
<material>
<mattext texttype="text/html" charset="utf-8"><![CDATA[
 Distribution A is about symmetric.
]]></mattext>
</material>
</response_label>
</flow_label>
</render_choice>
</response_lid>
</flow>
</presentation>
<resprocessing>
<outcomes>
<decvar varname="SCORE" vartype="Decimal" defaultval="0" minvalue="0" maxvalue="1" cutvalue="1"/>
</outcomes>
<respcondition continue="Yes" title="Mastery">
<conditionvar>
<varequal respident="BFTest.Rmd_991743614_section_3_item_1_mchoice_RESPONSE_9613854" case="Yes">BFTest.Rmd_991743614_section_3_item_1_mchoice_1577651004</varequal>
</conditionvar>
<setvar varname="SCORE" action="Add">0.333333333333333</setvar>
</respcondition>
<respcondition continue="Yes" title="Mastery">
<conditionvar>
<varequal respident="BFTest.Rmd_991743614_section_3_item_1_mchoice_RESPONSE_9613854" case="Yes">BFTest.Rmd_991743614_section_3_item_1_mchoice_1152877712</varequal>
</conditionvar>
<setvar varname="SCORE" action="Add">0.333333333333333</setvar>
</respcondition>
<respcondition continue="Yes" title="Mastery">
<conditionvar>
<varequal respident="BFTest.Rmd_991743614_section_3_item_1_mchoice_RESPONSE_9613854" case="Yes">BFTest.Rmd_991743614_section_3_item_1_mchoice_2917421663</varequal>
</conditionvar>
<setvar varname="SCORE" action="Add">0.333333333333333</setvar>
</respcondition>
<respcondition continue="Yes" title="Fail">
<conditionvar>
<varequal respident="BFTest.Rmd_991743614_section_3_item_1_mchoice_RESPONSE_9613854" case="Yes">BFTest.Rmd_991743614_section_3_item_1_mchoice_5823753723</varequal>
</conditionvar>
<setvar varname="SCORE" action="Add">-0.5</setvar>
<displayfeedback feedbacktype="Solution" linkrefid="Solution"/>
</respcondition>
<respcondition continue="Yes" title="Fail">
<conditionvar>
<varequal respident="BFTest.Rmd_991743614_section_3_item_1_mchoice_RESPONSE_9613854" case="Yes">BFTest.Rmd_991743614_section_3_item_1_mchoice_3848673326</varequal>
</conditionvar>
<setvar varname="SCORE" action="Add">-0.5</setvar>
<displayfeedback feedbacktype="Solution" linkrefid="Solution"/>
</respcondition>
<respcondition title="Mastery" continue="No">
<conditionvar>
<and>
<varequal respident="BFTest.Rmd_991743614_section_3_item_1_mchoice_RESPONSE_9613854" case="Yes">BFTest.Rmd_991743614_section_3_item_1_mchoice_1577651004</varequal>
<varequal respident="BFTest.Rmd_991743614_section_3_item_1_mchoice_RESPONSE_9613854" case="Yes">BFTest.Rmd_991743614_section_3_item_1_mchoice_1152877712</varequal>
<varequal respident="BFTest.Rmd_991743614_section_3_item_1_mchoice_RESPONSE_9613854" case="Yes">BFTest.Rmd_991743614_section_3_item_1_mchoice_2917421663</varequal>
<not> <varequal respident="BFTest.Rmd_991743614_section_3_item_1_mchoice_RESPONSE_9613854" case="Yes">BFTest.Rmd_991743614_section_3_item_1_mchoice_5823753723</varequal> </not>
<not> <varequal respident="BFTest.Rmd_991743614_section_3_item_1_mchoice_RESPONSE_9613854" case="Yes">BFTest.Rmd_991743614_section_3_item_1_mchoice_3848673326</varequal> </not>
</and>
</conditionvar>
<displayfeedback feedbacktype="Response" linkrefid="correct_fb"/>
</respcondition>
<respcondition continue="Yes">
<conditionvar>
<other/>
</conditionvar>
<displayfeedback feedbacktype="Response" linkrefid="general_incorrect_fb"/>
</respcondition>
</resprocessing>
<itemfeedback ident="correct_fb" view="All">
<flow_mat>
<material>
<mattext texttype="text/html"><![CDATA[
<ul>
<li> The location of both distributions is about the same. <br /> True. Both distributions have a similar location. </li>
<li> Both distributions contain no outliers. <br /> False. There are observations which deviate more than 1.5 times the interquartile range from the median. </li>
<li> The spread in sample A is clearly bigger than in B. <br /> False. The interquartile range in sample A is <em>not</em> clearly bigger than in B. </li>
<li> The skewness of both samples is similar. <br /> True. The skewness of both distributions is similar, both are about symmetric. </li>
<li> Distribution A is about symmetric. <br /> True. Distribution A is about symmetric. </li>
</ul>
]]></mattext>
</material>
</flow_mat>
</itemfeedback>
<itemfeedback ident="general_incorrect_fb" view="All">
<flow_mat>
<material>
<mattext texttype="text/html"><![CDATA[
<ul>
<li> The location of both distributions is about the same. <br /> True. Both distributions have a similar location. </li>
<li> Both distributions contain no outliers. <br /> False. There are observations which deviate more than 1.5 times the interquartile range from the median. </li>
<li> The spread in sample A is clearly bigger than in B. <br /> False. The interquartile range in sample A is <em>not</em> clearly bigger than in B. </li>
<li> The skewness of both samples is similar. <br /> True. The skewness of both distributions is similar, both are about symmetric. </li>
<li> Distribution A is about symmetric. <br /> True. Distribution A is about symmetric. </li>
</ul>
]]></mattext>
</material>
</flow_mat>
</itemfeedback>
</item>


</section>
<section ident="BFTest.Rmd_991743614_section_4" title="Exercise">

<objectives>
<material>
<mattext><![CDATA[Please answer the following question.]]></mattext>
</material>
</objectives>
<selection_ordering>
<selection>
<selection_number>1</selection_number>
<selection_extension>
<points_per_item>1</points_per_item>
</selection_extension>
</selection>
<order order_type="Random"/>
</selection_ordering>

<item ident="BFTest.Rmd_991743614_section_4_item_1_mchoice" title="Question" maxattempts="1">
<itemcontrol feedbackswitch="No" hintswitch="No" solutionswitch="Yes"/>
<itemmetadata>
<qtimetadata>
<qtimetadatafield>
<fieldlabel>question_type</fieldlabel>
<fieldentry>multiple_answers_question</fieldentry>
</qtimetadatafield>
</qtimetadata>
</itemmetadata>
<presentation>
<flow>
<material>
<matbreak/>
<mattext texttype="text/html" charset="utf-8"><![CDATA[
<br />

<table class="kable_wrapper">
<tbody>
<tr>
<td>
<table>
<thead>
<tr>
<th style="text-align:left;">
variable
</th>
<th style="text-align:right;">
mean
</th>
<th style="text-align:right;">
median
</th>
<th style="text-align:right;">
min
</th>
<th style="text-align:right;">
max
</th>
<th style="text-align:right;">
p25
</th>
<th style="text-align:right;">
p75
</th>
<th style="text-align:right;">
IQR
</th>
</tr>
</thead>
<tbody>
<tr>
<td style="text-align:left;">
Return_2009
</td>
<td style="text-align:right;">
7.16413
</td>
<td style="text-align:right;">
6.4
</td>
<td style="text-align:right;">
-8.8
</td>
<td style="text-align:right;">
32
</td>
<td style="text-align:right;">
3.475
</td>
<td style="text-align:right;">
10.725
</td>
<td style="text-align:right;">
7.25
</td>
</tr>
</tbody>
</table>
</td>
</tr>
</tbody>
</table>
<table class="kable_wrapper">
<tbody>
<tr>
<td>
<table>
<thead>
<tr>
<th style="text-align:left;">
Type
</th>
<th style="text-align:left;">
variable
</th>
<th style="text-align:right;">
mean
</th>
<th style="text-align:right;">
median
</th>
<th style="text-align:right;">
min
</th>
<th style="text-align:right;">
max
</th>
<th style="text-align:right;">
p25
</th>
<th style="text-align:right;">
p75
</th>
<th style="text-align:right;">
IQR
</th>
</tr>
</thead>
<tbody>
<tr>
<td style="text-align:left;">
Intermediate Government
</td>
<td style="text-align:left;">
Return_2009
</td>
<td style="text-align:right;">
4.452874
</td>
<td style="text-align:right;">
4.4
</td>
<td style="text-align:right;">
-4.8
</td>
<td style="text-align:right;">
28.6
</td>
<td style="text-align:right;">
0.9
</td>
<td style="text-align:right;">
6.45
</td>
<td style="text-align:right;">
5.55
</td>
</tr>
<tr>
<td style="text-align:left;">
Short Term Corporate
</td>
<td style="text-align:left;">
Return_2009
</td>
<td style="text-align:right;">
9.595876
</td>
<td style="text-align:right;">
9.1
</td>
<td style="text-align:right;">
-8.8
</td>
<td style="text-align:right;">
32.0
</td>
<td style="text-align:right;">
5.9
</td>
<td style="text-align:right;">
12.90
</td>
<td style="text-align:right;">
7.00
</td>
</tr>
</tbody>
</table>
</td>
</tr>
</tbody>
</table>
<p>Which of the following statements about returns in 2009, <code>Return_2009</code>, are true?</p>
]]></mattext>
<matbreak/>
</material>
<response_lid ident="BFTest.Rmd_991743614_section_4_item_1_mchoice_RESPONSE_7440815" rcardinality="Multiple" rtiming="No">
<render_choice shuffle="No">
<flow_label class="List">
<response_label ident="BFTest.Rmd_991743614_section_4_item_1_mchoice_1354193766" rshuffle="No">
<material>
<mattext texttype="text/html" charset="utf-8"><![CDATA[
 The first quartile, 25th percentile, of Returns for <strong>Intermediate Government</strong> funds is 0.9.
]]></mattext>
</material>
</response_label>
</flow_label>
<flow_label class="List">
<response_label ident="BFTest.Rmd_991743614_section_4_item_1_mchoice_3472420578" rshuffle="No">
<material>
<mattext texttype="text/html" charset="utf-8"><![CDATA[
 The IQR. – interquartile range – of Returns – <code>Return_2009</code> – for <strong>Intermediate Government</strong> funds is 5.55.
]]></mattext>
</material>
</response_label>
</flow_label>
<flow_label class="List">
<response_label ident="BFTest.Rmd_991743614_section_4_item_1_mchoice_7569422510" rshuffle="No">
<material>
<mattext texttype="text/html" charset="utf-8"><![CDATA[
 The first quartile, 25th percentile, of Returns for <strong>Short Term Corporate</strong> funds is 0.9.
]]></mattext>
</material>
</response_label>
</flow_label>
<flow_label class="List">
<response_label ident="BFTest.Rmd_991743614_section_4_item_1_mchoice_8747179293" rshuffle="No">
<material>
<mattext texttype="text/html" charset="utf-8"><![CDATA[
 The third quartile, 75th percentile, of Returns for <strong>Intermediate Government</strong> funds is 12.9.
]]></mattext>
</material>
</response_label>
</flow_label>
<flow_label class="List">
<response_label ident="BFTest.Rmd_991743614_section_4_item_1_mchoice_1929088371" rshuffle="No">
<material>
<mattext texttype="text/html" charset="utf-8"><![CDATA[
 The fund with the highest returns in 2009 – <code>Return_2009</code> – was a <strong>Short Term Corporate</strong> fund.
]]></mattext>
</material>
</response_label>
</flow_label>
<flow_label class="List">
<response_label ident="BFTest.Rmd_991743614_section_4_item_1_mchoice_9171364929" rshuffle="No">
<material>
<mattext texttype="text/html" charset="utf-8"><![CDATA[
 The third quartile, 75th percentile, of Returns for <strong>Short Term Corporate</strong> funds is 12.9.
]]></mattext>
</material>
</response_label>
</flow_label>
<flow_label class="List">
<response_label ident="BFTest.Rmd_991743614_section_4_item_1_mchoice_1899011188" rshuffle="No">
<material>
<mattext texttype="text/html" charset="utf-8"><![CDATA[
 The middle 50% of all Returns in 2009 – <code>Return_2009</code> – ranges from <code>round(quantile(BondFunds$Return_2009, probs=c(0.25)), digits=2)</code> to <code>round(quantile(BondFunds$Return_2009, probs=c(0.75)), digits=2)</code>.
]]></mattext>
</material>
</response_label>
</flow_label>
</render_choice>
</response_lid>
</flow>
</presentation>
<resprocessing>
<outcomes>
<decvar varname="SCORE" vartype="Decimal" defaultval="0" minvalue="0" maxvalue="1" cutvalue="1"/>
</outcomes>
<respcondition continue="Yes" title="Mastery">
<conditionvar>
<varequal respident="BFTest.Rmd_991743614_section_4_item_1_mchoice_RESPONSE_7440815" case="Yes">BFTest.Rmd_991743614_section_4_item_1_mchoice_1354193766</varequal>
</conditionvar>
<setvar varname="SCORE" action="Add">0.2</setvar>
</respcondition>
<respcondition continue="Yes" title="Mastery">
<conditionvar>
<varequal respident="BFTest.Rmd_991743614_section_4_item_1_mchoice_RESPONSE_7440815" case="Yes">BFTest.Rmd_991743614_section_4_item_1_mchoice_3472420578</varequal>
</conditionvar>
<setvar varname="SCORE" action="Add">0.2</setvar>
</respcondition>
<respcondition continue="Yes" title="Mastery">
<conditionvar>
<varequal respident="BFTest.Rmd_991743614_section_4_item_1_mchoice_RESPONSE_7440815" case="Yes">BFTest.Rmd_991743614_section_4_item_1_mchoice_1929088371</varequal>
</conditionvar>
<setvar varname="SCORE" action="Add">0.2</setvar>
</respcondition>
<respcondition continue="Yes" title="Mastery">
<conditionvar>
<varequal respident="BFTest.Rmd_991743614_section_4_item_1_mchoice_RESPONSE_7440815" case="Yes">BFTest.Rmd_991743614_section_4_item_1_mchoice_9171364929</varequal>
</conditionvar>
<setvar varname="SCORE" action="Add">0.2</setvar>
</respcondition>
<respcondition continue="Yes" title="Mastery">
<conditionvar>
<varequal respident="BFTest.Rmd_991743614_section_4_item_1_mchoice_RESPONSE_7440815" case="Yes">BFTest.Rmd_991743614_section_4_item_1_mchoice_1899011188</varequal>
</conditionvar>
<setvar varname="SCORE" action="Add">0.2</setvar>
</respcondition>
<respcondition continue="Yes" title="Fail">
<conditionvar>
<varequal respident="BFTest.Rmd_991743614_section_4_item_1_mchoice_RESPONSE_7440815" case="Yes">BFTest.Rmd_991743614_section_4_item_1_mchoice_7569422510</varequal>
</conditionvar>
<setvar varname="SCORE" action="Add">-0.5</setvar>
<displayfeedback feedbacktype="Solution" linkrefid="Solution"/>
</respcondition>
<respcondition continue="Yes" title="Fail">
<conditionvar>
<varequal respident="BFTest.Rmd_991743614_section_4_item_1_mchoice_RESPONSE_7440815" case="Yes">BFTest.Rmd_991743614_section_4_item_1_mchoice_8747179293</varequal>
</conditionvar>
<setvar varname="SCORE" action="Add">-0.5</setvar>
<displayfeedback feedbacktype="Solution" linkrefid="Solution"/>
</respcondition>
<respcondition title="Mastery" continue="No">
<conditionvar>
<and>
<varequal respident="BFTest.Rmd_991743614_section_4_item_1_mchoice_RESPONSE_7440815" case="Yes">BFTest.Rmd_991743614_section_4_item_1_mchoice_1354193766</varequal>
<varequal respident="BFTest.Rmd_991743614_section_4_item_1_mchoice_RESPONSE_7440815" case="Yes">BFTest.Rmd_991743614_section_4_item_1_mchoice_3472420578</varequal>
<varequal respident="BFTest.Rmd_991743614_section_4_item_1_mchoice_RESPONSE_7440815" case="Yes">BFTest.Rmd_991743614_section_4_item_1_mchoice_1929088371</varequal>
<varequal respident="BFTest.Rmd_991743614_section_4_item_1_mchoice_RESPONSE_7440815" case="Yes">BFTest.Rmd_991743614_section_4_item_1_mchoice_9171364929</varequal>
<varequal respident="BFTest.Rmd_991743614_section_4_item_1_mchoice_RESPONSE_7440815" case="Yes">BFTest.Rmd_991743614_section_4_item_1_mchoice_1899011188</varequal>
<not> <varequal respident="BFTest.Rmd_991743614_section_4_item_1_mchoice_RESPONSE_7440815" case="Yes">BFTest.Rmd_991743614_section_4_item_1_mchoice_7569422510</varequal> </not>
<not> <varequal respident="BFTest.Rmd_991743614_section_4_item_1_mchoice_RESPONSE_7440815" case="Yes">BFTest.Rmd_991743614_section_4_item_1_mchoice_8747179293</varequal> </not>
</and>
</conditionvar>
<displayfeedback feedbacktype="Response" linkrefid="correct_fb"/>
</respcondition>
<respcondition continue="Yes">
<conditionvar>
<other/>
</conditionvar>
<displayfeedback feedbacktype="Response" linkrefid="general_incorrect_fb"/>
</respcondition>
</resprocessing>
<itemfeedback ident="correct_fb" view="All">
<flow_mat>
<material>
<mattext texttype="text/html"><![CDATA[
<ul>
<li> The first quartile, 25th percentile, of Returns for <strong>Intermediate Government</strong> funds is 0.9. <br /> True. The first quartile, 25th percentile, of Returns for <strong>Intermediate Government</strong> funds is 0.9. </li>
<li> The IQR. – interquartile range – of Returns – <code>Return_2009</code> – for <strong>Intermediate Government</strong> funds is 5.55. <br /> True. The IQR. – interquartile range – of Returns – <code>Return_2009</code> – for <strong>Intermediate Government</strong> funds is 5.55. </li>
<li> The first quartile, 25th percentile, of Returns for <strong>Short Term Corporate</strong> funds is 0.9. <br /> False. The first quartile, 25th percentile, of Returns for <strong>Short Term Corporate</strong> funds is 0.9. </li>
<li> The third quartile, 75th percentile, of Returns for <strong>Intermediate Government</strong> funds is 12.9. <br /> False. The third quartile, 75th percentile, of Returns for <strong>Intermediate Government</strong> funds is 12.9. </li>
<li> The fund with the highest returns in 2009 – <code>Return_2009</code> – was a <strong>Short Term Corporate</strong> fund. <br /> True. The fund with the highest returns in 2009 – <code>Return_2009</code> – was a <strong>Short Term Corporate</strong> fund. </li>
<li> The third quartile, 75th percentile, of Returns for <strong>Short Term Corporate</strong> funds is 12.9. <br /> True. The third quartile, 75th percentile, of Returns for <strong>Short Term Corporate</strong> funds is 12.9. </li>
<li> The middle 50% of all Returns in 2009 – <code>Return_2009</code> – ranges from <code>round(quantile(BondFunds$Return_2009, probs=c(0.25)), digits=2)</code> to <code>round(quantile(BondFunds$Return_2009, probs=c(0.75)), digits=2)</code>. <br /> True. The middle 50% of all Returns in 2009 – <code>Return_2009</code> – ranges from 3.48 to 10.72. </li>
</ul>
]]></mattext>
</material>
</flow_mat>
</itemfeedback>
<itemfeedback ident="general_incorrect_fb" view="All">
<flow_mat>
<material>
<mattext texttype="text/html"><![CDATA[
<ul>
<li> The first quartile, 25th percentile, of Returns for <strong>Intermediate Government</strong> funds is 0.9. <br /> True. The first quartile, 25th percentile, of Returns for <strong>Intermediate Government</strong> funds is 0.9. </li>
<li> The IQR. – interquartile range – of Returns – <code>Return_2009</code> – for <strong>Intermediate Government</strong> funds is 5.55. <br /> True. The IQR. – interquartile range – of Returns – <code>Return_2009</code> – for <strong>Intermediate Government</strong> funds is 5.55. </li>
<li> The first quartile, 25th percentile, of Returns for <strong>Short Term Corporate</strong> funds is 0.9. <br /> False. The first quartile, 25th percentile, of Returns for <strong>Short Term Corporate</strong> funds is 0.9. </li>
<li> The third quartile, 75th percentile, of Returns for <strong>Intermediate Government</strong> funds is 12.9. <br /> False. The third quartile, 75th percentile, of Returns for <strong>Intermediate Government</strong> funds is 12.9. </li>
<li> The fund with the highest returns in 2009 – <code>Return_2009</code> – was a <strong>Short Term Corporate</strong> fund. <br /> True. The fund with the highest returns in 2009 – <code>Return_2009</code> – was a <strong>Short Term Corporate</strong> fund. </li>
<li> The third quartile, 75th percentile, of Returns for <strong>Short Term Corporate</strong> funds is 12.9. <br /> True. The third quartile, 75th percentile, of Returns for <strong>Short Term Corporate</strong> funds is 12.9. </li>
<li> The middle 50% of all Returns in 2009 – <code>Return_2009</code> – ranges from <code>round(quantile(BondFunds$Return_2009, probs=c(0.25)), digits=2)</code> to <code>round(quantile(BondFunds$Return_2009, probs=c(0.75)), digits=2)</code>. <br /> True. The middle 50% of all Returns in 2009 – <code>Return_2009</code> – ranges from 3.48 to 10.72. </li>
</ul>
]]></mattext>
</material>
</flow_mat>
</itemfeedback>
</item>


</section>

</assessment>
</questestinterop>
