<?xml version="1.0" encoding="UTF-8"?>
<!DOCTYPE questestinterop SYSTEM "ims_qtiasiv1p2p1.dtd">

<questestinterop>
<assessment ident="canvasquiz_891475607" title="canvasquiz">

<qtimetadata>
<qtimetadatafield>
<fieldlabel>cc_maxattempts</fieldlabel>
<fieldentry>1</fieldentry>
</qtimetadatafield>
<qtimetadatafield>
<fieldlabel>qmd_assessmenttype</fieldlabel>
<fieldentry>Assessment</fieldentry>
</qtimetadatafield>
</qtimetadata>
<objectives>
<material>
<mattext><![CDATA[Please solve the following exercises.]]></mattext>
</material>
</objectives>
<assessmentcontrol feedbackswitch="No" hintswitch="No" solutionswitch="Yes"/>
<outcomes_processing scoremodel="SumOfScores">
<outcomes>
<decvar varname="SCORE" vartype="Decimal" cutvalue="0"/>
</outcomes>
</outcomes_processing>
<assessfeedback title="AssessmentFeedback" ident="AssessmentFeedback">
<flow_mat>
<material>
<mattext>##AssessmentFeedback##</mattext>
</material>
</flow_mat>
</assessfeedback>

<section ident="canvasquiz_891475607_section_1" title="Exercise">

<objectives>
<material>
<mattext><![CDATA[Please answer the following question.]]></mattext>
</material>
</objectives>
<selection_ordering>
<selection>
<selection_number>1</selection_number>
<selection_extension>
<points_per_item>1</points_per_item>
</selection_extension>
</selection>
<order order_type="Random"/>
</selection_ordering>

<item ident="canvasquiz_891475607_section_1_item_1_schoice" title="Question" maxattempts="1">
<itemcontrol feedbackswitch="No" hintswitch="No" solutionswitch="Yes"/>
<itemmetadata>
<qtimetadata>
<qtimetadatafield>
<fieldlabel>question_type</fieldlabel>
<fieldentry>multiple_choice_question</fieldentry>
</qtimetadatafield>
</qtimetadata>
</itemmetadata>
<presentation>
<flow>
<material>
<matbreak/>
<mattext texttype="text/html" charset="utf-8"><![CDATA[
<p>Which chain has the highest median calories?</p>
]]></mattext>
<matbreak/>
</material>
<response_lid ident="canvasquiz_891475607_section_1_item_1_schoice_RESPONSE_3875021" rcardinality="Single" rtiming="No">
<render_choice shuffle="No">
<flow_label class="List">
<response_label ident="canvasquiz_891475607_section_1_item_1_schoice_7550429237" rshuffle="No">
<material>
<mattext texttype="text/html" charset="utf-8"><![CDATA[
 Dairy Queen
]]></mattext>
</material>
</response_label>
</flow_label>
<flow_label class="List">
<response_label ident="canvasquiz_891475607_section_1_item_1_schoice_1292961917" rshuffle="No">
<material>
<mattext texttype="text/html" charset="utf-8"><![CDATA[
 Sonic
]]></mattext>
</material>
</response_label>
</flow_label>
<flow_label class="List">
<response_label ident="canvasquiz_891475607_section_1_item_1_schoice_9305115234" rshuffle="No">
<material>
<mattext texttype="text/html" charset="utf-8"><![CDATA[
 Taco Bell
]]></mattext>
</material>
</response_label>
</flow_label>
<flow_label class="List">
<response_label ident="canvasquiz_891475607_section_1_item_1_schoice_3730446851" rshuffle="No">
<material>
<mattext texttype="text/html" charset="utf-8"><![CDATA[
 Subway
]]></mattext>
</material>
</response_label>
</flow_label>
<flow_label class="List">
<response_label ident="canvasquiz_891475607_section_1_item_1_schoice_2897388151" rshuffle="No">
<material>
<mattext texttype="text/html" charset="utf-8"><![CDATA[
 Chick Fil-A
]]></mattext>
</material>
</response_label>
</flow_label>
<flow_label class="List">
<response_label ident="canvasquiz_891475607_section_1_item_1_schoice_1966146487" rshuffle="No">
<material>
<mattext texttype="text/html" charset="utf-8"><![CDATA[
 Mcdonalds
]]></mattext>
</material>
</response_label>
</flow_label>
<flow_label class="List">
<response_label ident="canvasquiz_891475607_section_1_item_1_schoice_4465700795" rshuffle="No">
<material>
<mattext texttype="text/html" charset="utf-8"><![CDATA[
 Arbys
]]></mattext>
</material>
</response_label>
</flow_label>
<flow_label class="List">
<response_label ident="canvasquiz_891475607_section_1_item_1_schoice_9118502464" rshuffle="No">
<material>
<mattext texttype="text/html" charset="utf-8"><![CDATA[
 Burger King
]]></mattext>
</material>
</response_label>
</flow_label>
</render_choice>
</response_lid>
</flow>
</presentation>
<resprocessing>
<outcomes>
<decvar varname="SCORE" vartype="Decimal" defaultval="0" minvalue="0" maxvalue="1" cutvalue="1"/>
</outcomes>
<respcondition title="Mastery" continue="No">
<conditionvar>
<and>
<varequal respident="canvasquiz_891475607_section_1_item_1_schoice_RESPONSE_3875021" case="Yes">canvasquiz_891475607_section_1_item_1_schoice_1292961917</varequal>
<not> <varequal respident="canvasquiz_891475607_section_1_item_1_schoice_RESPONSE_3875021" case="Yes">canvasquiz_891475607_section_1_item_1_schoice_7550429237</varequal> </not>
<not> <varequal respident="canvasquiz_891475607_section_1_item_1_schoice_RESPONSE_3875021" case="Yes">canvasquiz_891475607_section_1_item_1_schoice_9305115234</varequal> </not>
<not> <varequal respident="canvasquiz_891475607_section_1_item_1_schoice_RESPONSE_3875021" case="Yes">canvasquiz_891475607_section_1_item_1_schoice_3730446851</varequal> </not>
<not> <varequal respident="canvasquiz_891475607_section_1_item_1_schoice_RESPONSE_3875021" case="Yes">canvasquiz_891475607_section_1_item_1_schoice_2897388151</varequal> </not>
<not> <varequal respident="canvasquiz_891475607_section_1_item_1_schoice_RESPONSE_3875021" case="Yes">canvasquiz_891475607_section_1_item_1_schoice_1966146487</varequal> </not>
<not> <varequal respident="canvasquiz_891475607_section_1_item_1_schoice_RESPONSE_3875021" case="Yes">canvasquiz_891475607_section_1_item_1_schoice_4465700795</varequal> </not>
<not> <varequal respident="canvasquiz_891475607_section_1_item_1_schoice_RESPONSE_3875021" case="Yes">canvasquiz_891475607_section_1_item_1_schoice_9118502464</varequal> </not>
</and>
</conditionvar>
<setvar varname="SCORE" action="Set">1</setvar>
<displayfeedback feedbacktype="Response" linkrefid="correct_fb"/>
</respcondition>
<respcondition continue="Yes">
<conditionvar>
<other/>
</conditionvar>
<displayfeedback feedbacktype="Response" linkrefid="general_incorrect_fb"/>
</respcondition>
</resprocessing>
<itemfeedback ident="correct_fb" view="All">
<flow_mat>
<material>
<mattext texttype="text/html"><![CDATA[
<p>Sonic. 570 calories.</p>
<pre><code># A tibble: 8 × 2
  restaurant  `median(calories, na.rm = TRUE)`
  &lt;chr&gt;                                  &lt;dbl&gt;
1 Arbys                                    550
2 Burger King                              555
3 Chick Fil-A                              390
4 Dairy Queen                              485
5 Mcdonalds                                540
6 Sonic                                    570
7 Subway                                   460
8 Taco Bell                                420</code></pre>
<br />
<ul>
<li> Dairy Queen <br /> False </li>
<li> Sonic <br /> True </li>
<li> Taco Bell <br /> False </li>
<li> Subway <br /> False </li>
<li> Chick Fil-A <br /> False </li>
<li> Mcdonalds <br /> False </li>
<li> Arbys <br /> False </li>
<li> Burger King <br /> False </li>
</ul>
]]></mattext>
</material>
</flow_mat>
</itemfeedback>
<itemfeedback ident="general_incorrect_fb" view="All">
<flow_mat>
<material>
<mattext texttype="text/html"><![CDATA[
<p>Sonic. 570 calories.</p>
<pre><code># A tibble: 8 × 2
  restaurant  `median(calories, na.rm = TRUE)`
  &lt;chr&gt;                                  &lt;dbl&gt;
1 Arbys                                    550
2 Burger King                              555
3 Chick Fil-A                              390
4 Dairy Queen                              485
5 Mcdonalds                                540
6 Sonic                                    570
7 Subway                                   460
8 Taco Bell                                420</code></pre>
<br />
<ul>
<li> Dairy Queen <br /> False </li>
<li> Sonic <br /> True </li>
<li> Taco Bell <br /> False </li>
<li> Subway <br /> False </li>
<li> Chick Fil-A <br /> False </li>
<li> Mcdonalds <br /> False </li>
<li> Arbys <br /> False </li>
<li> Burger King <br /> False </li>
</ul>
]]></mattext>
</material>
</flow_mat>
</itemfeedback>
</item>


</section>
<section ident="canvasquiz_891475607_section_2" title="Exercise">

<objectives>
<material>
<mattext><![CDATA[Please answer the following question.]]></mattext>
</material>
</objectives>
<selection_ordering>
<selection>
<selection_number>1</selection_number>
<selection_extension>
<points_per_item>1</points_per_item>
</selection_extension>
</selection>
<order order_type="Random"/>
</selection_ordering>

<item ident="canvasquiz_891475607_section_2_item_1_schoice" title="Question" maxattempts="1">
<itemcontrol feedbackswitch="No" hintswitch="No" solutionswitch="Yes"/>
<itemmetadata>
<qtimetadata>
<qtimetadatafield>
<fieldlabel>question_type</fieldlabel>
<fieldentry>multiple_choice_question</fieldentry>
</qtimetadatafield>
</qtimetadata>
</itemmetadata>
<presentation>
<flow>
<material>
<matbreak/>
<mattext texttype="text/html" charset="utf-8"><![CDATA[
<p>Which chain has the lowest median calories?</p>
]]></mattext>
<matbreak/>
</material>
<response_lid ident="canvasquiz_891475607_section_2_item_1_schoice_RESPONSE_1453901" rcardinality="Single" rtiming="No">
<render_choice shuffle="No">
<flow_label class="List">
<response_label ident="canvasquiz_891475607_section_2_item_1_schoice_7524701803" rshuffle="No">
<material>
<mattext texttype="text/html" charset="utf-8"><![CDATA[
 Dairy Queen
]]></mattext>
</material>
</response_label>
</flow_label>
<flow_label class="List">
<response_label ident="canvasquiz_891475607_section_2_item_1_schoice_1001027134" rshuffle="No">
<material>
<mattext texttype="text/html" charset="utf-8"><![CDATA[
 Subway
]]></mattext>
</material>
</response_label>
</flow_label>
<flow_label class="List">
<response_label ident="canvasquiz_891475607_section_2_item_1_schoice_4910143316" rshuffle="No">
<material>
<mattext texttype="text/html" charset="utf-8"><![CDATA[
 Arbys
]]></mattext>
</material>
</response_label>
</flow_label>
<flow_label class="List">
<response_label ident="canvasquiz_891475607_section_2_item_1_schoice_2045418303" rshuffle="No">
<material>
<mattext texttype="text/html" charset="utf-8"><![CDATA[
 Taco Bell
]]></mattext>
</material>
</response_label>
</flow_label>
<flow_label class="List">
<response_label ident="canvasquiz_891475607_section_2_item_1_schoice_1932413112" rshuffle="No">
<material>
<mattext texttype="text/html" charset="utf-8"><![CDATA[
 Chick Fil-A
]]></mattext>
</material>
</response_label>
</flow_label>
<flow_label class="List">
<response_label ident="canvasquiz_891475607_section_2_item_1_schoice_2615791362" rshuffle="No">
<material>
<mattext texttype="text/html" charset="utf-8"><![CDATA[
 Mcdonalds
]]></mattext>
</material>
</response_label>
</flow_label>
<flow_label class="List">
<response_label ident="canvasquiz_891475607_section_2_item_1_schoice_6661366845" rshuffle="No">
<material>
<mattext texttype="text/html" charset="utf-8"><![CDATA[
 Sonic
]]></mattext>
</material>
</response_label>
</flow_label>
<flow_label class="List">
<response_label ident="canvasquiz_891475607_section_2_item_1_schoice_1774354966" rshuffle="No">
<material>
<mattext texttype="text/html" charset="utf-8"><![CDATA[
 Burger King
]]></mattext>
</material>
</response_label>
</flow_label>
</render_choice>
</response_lid>
</flow>
</presentation>
<resprocessing>
<outcomes>
<decvar varname="SCORE" vartype="Decimal" defaultval="0" minvalue="0" maxvalue="1" cutvalue="1"/>
</outcomes>
<respcondition title="Mastery" continue="No">
<conditionvar>
<and>
<varequal respident="canvasquiz_891475607_section_2_item_1_schoice_RESPONSE_1453901" case="Yes">canvasquiz_891475607_section_2_item_1_schoice_1932413112</varequal>
<not> <varequal respident="canvasquiz_891475607_section_2_item_1_schoice_RESPONSE_1453901" case="Yes">canvasquiz_891475607_section_2_item_1_schoice_7524701803</varequal> </not>
<not> <varequal respident="canvasquiz_891475607_section_2_item_1_schoice_RESPONSE_1453901" case="Yes">canvasquiz_891475607_section_2_item_1_schoice_1001027134</varequal> </not>
<not> <varequal respident="canvasquiz_891475607_section_2_item_1_schoice_RESPONSE_1453901" case="Yes">canvasquiz_891475607_section_2_item_1_schoice_4910143316</varequal> </not>
<not> <varequal respident="canvasquiz_891475607_section_2_item_1_schoice_RESPONSE_1453901" case="Yes">canvasquiz_891475607_section_2_item_1_schoice_2045418303</varequal> </not>
<not> <varequal respident="canvasquiz_891475607_section_2_item_1_schoice_RESPONSE_1453901" case="Yes">canvasquiz_891475607_section_2_item_1_schoice_2615791362</varequal> </not>
<not> <varequal respident="canvasquiz_891475607_section_2_item_1_schoice_RESPONSE_1453901" case="Yes">canvasquiz_891475607_section_2_item_1_schoice_6661366845</varequal> </not>
<not> <varequal respident="canvasquiz_891475607_section_2_item_1_schoice_RESPONSE_1453901" case="Yes">canvasquiz_891475607_section_2_item_1_schoice_1774354966</varequal> </not>
</and>
</conditionvar>
<setvar varname="SCORE" action="Set">1</setvar>
<displayfeedback feedbacktype="Response" linkrefid="correct_fb"/>
</respcondition>
<respcondition continue="Yes">
<conditionvar>
<other/>
</conditionvar>
<displayfeedback feedbacktype="Response" linkrefid="general_incorrect_fb"/>
</respcondition>
</resprocessing>
<itemfeedback ident="correct_fb" view="All">
<flow_mat>
<material>
<mattext texttype="text/html"><![CDATA[
<p>Chick Fil-A. 390 calories.</p>
<pre><code># A tibble: 8 × 2
  restaurant  `median(calories, na.rm = TRUE)`
  &lt;chr&gt;                                  &lt;dbl&gt;
1 Arbys                                    550
2 Burger King                              555
3 Chick Fil-A                              390
4 Dairy Queen                              485
5 Mcdonalds                                540
6 Sonic                                    570
7 Subway                                   460
8 Taco Bell                                420</code></pre>
<br />
<ul>
<li> Dairy Queen <br /> False </li>
<li> Subway <br /> False </li>
<li> Arbys <br /> False </li>
<li> Taco Bell <br /> False </li>
<li> Chick Fil-A <br /> True </li>
<li> Mcdonalds <br /> False </li>
<li> Sonic <br /> False </li>
<li> Burger King <br /> False </li>
</ul>
]]></mattext>
</material>
</flow_mat>
</itemfeedback>
<itemfeedback ident="general_incorrect_fb" view="All">
<flow_mat>
<material>
<mattext texttype="text/html"><![CDATA[
<p>Chick Fil-A. 390 calories.</p>
<pre><code># A tibble: 8 × 2
  restaurant  `median(calories, na.rm = TRUE)`
  &lt;chr&gt;                                  &lt;dbl&gt;
1 Arbys                                    550
2 Burger King                              555
3 Chick Fil-A                              390
4 Dairy Queen                              485
5 Mcdonalds                                540
6 Sonic                                    570
7 Subway                                   460
8 Taco Bell                                420</code></pre>
<br />
<ul>
<li> Dairy Queen <br /> False </li>
<li> Subway <br /> False </li>
<li> Arbys <br /> False </li>
<li> Taco Bell <br /> False </li>
<li> Chick Fil-A <br /> True </li>
<li> Mcdonalds <br /> False </li>
<li> Sonic <br /> False </li>
<li> Burger King <br /> False </li>
</ul>
]]></mattext>
</material>
</flow_mat>
</itemfeedback>
</item>


</section>
<section ident="canvasquiz_891475607_section_3" title="Exercise">

<objectives>
<material>
<mattext><![CDATA[Please answer the following question.]]></mattext>
</material>
</objectives>
<selection_ordering>
<selection>
<selection_number>1</selection_number>
<selection_extension>
<points_per_item>1</points_per_item>
</selection_extension>
</selection>
<order order_type="Random"/>
</selection_ordering>

<item ident="canvasquiz_891475607_section_3_item_1_schoice" title="Question" maxattempts="1">
<itemcontrol feedbackswitch="No" hintswitch="No" solutionswitch="Yes"/>
<itemmetadata>
<qtimetadata>
<qtimetadatafield>
<fieldlabel>question_type</fieldlabel>
<fieldentry>multiple_choice_question</fieldentry>
</qtimetadatafield>
</qtimetadata>
</itemmetadata>
<presentation>
<flow>
<material>
<matbreak/>
<mattext texttype="text/html" charset="utf-8"><![CDATA[
<p>Which chain has the highest median sodium?</p>
]]></mattext>
<matbreak/>
</material>
<response_lid ident="canvasquiz_891475607_section_3_item_1_schoice_RESPONSE_2246911" rcardinality="Single" rtiming="No">
<render_choice shuffle="No">
<flow_label class="List">
<response_label ident="canvasquiz_891475607_section_3_item_1_schoice_1616222924" rshuffle="No">
<material>
<mattext texttype="text/html" charset="utf-8"><![CDATA[
 Sonic
]]></mattext>
</material>
</response_label>
</flow_label>
<flow_label class="List">
<response_label ident="canvasquiz_891475607_section_3_item_1_schoice_1467146045" rshuffle="No">
<material>
<mattext texttype="text/html" charset="utf-8"><![CDATA[
 Mcdonalds
]]></mattext>
</material>
</response_label>
</flow_label>
<flow_label class="List">
<response_label ident="canvasquiz_891475607_section_3_item_1_schoice_3573609880" rshuffle="No">
<material>
<mattext texttype="text/html" charset="utf-8"><![CDATA[
 Arbys
]]></mattext>
</material>
</response_label>
</flow_label>
<flow_label class="List">
<response_label ident="canvasquiz_891475607_section_3_item_1_schoice_8333287173" rshuffle="No">
<material>
<mattext texttype="text/html" charset="utf-8"><![CDATA[
 Chick Fil-A
]]></mattext>
</material>
</response_label>
</flow_label>
<flow_label class="List">
<response_label ident="canvasquiz_891475607_section_3_item_1_schoice_2912940306" rshuffle="No">
<material>
<mattext texttype="text/html" charset="utf-8"><![CDATA[
 Burger King
]]></mattext>
</material>
</response_label>
</flow_label>
<flow_label class="List">
<response_label ident="canvasquiz_891475607_section_3_item_1_schoice_5256740871" rshuffle="No">
<material>
<mattext texttype="text/html" charset="utf-8"><![CDATA[
 Dairy Queen
]]></mattext>
</material>
</response_label>
</flow_label>
<flow_label class="List">
<response_label ident="canvasquiz_891475607_section_3_item_1_schoice_4660080776" rshuffle="No">
<material>
<mattext texttype="text/html" charset="utf-8"><![CDATA[
 Taco Bell
]]></mattext>
</material>
</response_label>
</flow_label>
<flow_label class="List">
<response_label ident="canvasquiz_891475607_section_3_item_1_schoice_9438773254" rshuffle="No">
<material>
<mattext texttype="text/html" charset="utf-8"><![CDATA[
 Subway
]]></mattext>
</material>
</response_label>
</flow_label>
</render_choice>
</response_lid>
</flow>
</presentation>
<resprocessing>
<outcomes>
<decvar varname="SCORE" vartype="Decimal" defaultval="0" minvalue="0" maxvalue="1" cutvalue="1"/>
</outcomes>
<respcondition title="Mastery" continue="No">
<conditionvar>
<and>
<varequal respident="canvasquiz_891475607_section_3_item_1_schoice_RESPONSE_2246911" case="Yes">canvasquiz_891475607_section_3_item_1_schoice_3573609880</varequal>
<not> <varequal respident="canvasquiz_891475607_section_3_item_1_schoice_RESPONSE_2246911" case="Yes">canvasquiz_891475607_section_3_item_1_schoice_1616222924</varequal> </not>
<not> <varequal respident="canvasquiz_891475607_section_3_item_1_schoice_RESPONSE_2246911" case="Yes">canvasquiz_891475607_section_3_item_1_schoice_1467146045</varequal> </not>
<not> <varequal respident="canvasquiz_891475607_section_3_item_1_schoice_RESPONSE_2246911" case="Yes">canvasquiz_891475607_section_3_item_1_schoice_8333287173</varequal> </not>
<not> <varequal respident="canvasquiz_891475607_section_3_item_1_schoice_RESPONSE_2246911" case="Yes">canvasquiz_891475607_section_3_item_1_schoice_2912940306</varequal> </not>
<not> <varequal respident="canvasquiz_891475607_section_3_item_1_schoice_RESPONSE_2246911" case="Yes">canvasquiz_891475607_section_3_item_1_schoice_5256740871</varequal> </not>
<not> <varequal respident="canvasquiz_891475607_section_3_item_1_schoice_RESPONSE_2246911" case="Yes">canvasquiz_891475607_section_3_item_1_schoice_4660080776</varequal> </not>
<not> <varequal respident="canvasquiz_891475607_section_3_item_1_schoice_RESPONSE_2246911" case="Yes">canvasquiz_891475607_section_3_item_1_schoice_9438773254</varequal> </not>
</and>
</conditionvar>
<setvar varname="SCORE" action="Set">1</setvar>
<displayfeedback feedbacktype="Response" linkrefid="correct_fb"/>
</respcondition>
<respcondition continue="Yes">
<conditionvar>
<other/>
</conditionvar>
<displayfeedback feedbacktype="Response" linkrefid="general_incorrect_fb"/>
</respcondition>
</resprocessing>
<itemfeedback ident="correct_fb" view="All">
<flow_mat>
<material>
<mattext texttype="text/html"><![CDATA[
<p>Arby’s. 1480 mg.</p>
<pre><code># A tibble: 8 × 2
  restaurant  `median(sodium, na.rm = TRUE)`
  &lt;chr&gt;                                &lt;dbl&gt;
1 Arbys                                 1480
2 Burger King                           1150
3 Chick Fil-A                           1000
4 Dairy Queen                           1030
5 Mcdonalds                             1120
6 Sonic                                 1250
7 Subway                                1130
8 Taco Bell                              960</code></pre>
<br />
<ul>
<li> Sonic <br /> False </li>
<li> Mcdonalds <br /> False </li>
<li> Arbys <br /> True </li>
<li> Chick Fil-A <br /> False </li>
<li> Burger King <br /> False </li>
<li> Dairy Queen <br /> False </li>
<li> Taco Bell <br /> False </li>
<li> Subway <br /> False </li>
</ul>
]]></mattext>
</material>
</flow_mat>
</itemfeedback>
<itemfeedback ident="general_incorrect_fb" view="All">
<flow_mat>
<material>
<mattext texttype="text/html"><![CDATA[
<p>Arby’s. 1480 mg.</p>
<pre><code># A tibble: 8 × 2
  restaurant  `median(sodium, na.rm = TRUE)`
  &lt;chr&gt;                                &lt;dbl&gt;
1 Arbys                                 1480
2 Burger King                           1150
3 Chick Fil-A                           1000
4 Dairy Queen                           1030
5 Mcdonalds                             1120
6 Sonic                                 1250
7 Subway                                1130
8 Taco Bell                              960</code></pre>
<br />
<ul>
<li> Sonic <br /> False </li>
<li> Mcdonalds <br /> False </li>
<li> Arbys <br /> True </li>
<li> Chick Fil-A <br /> False </li>
<li> Burger King <br /> False </li>
<li> Dairy Queen <br /> False </li>
<li> Taco Bell <br /> False </li>
<li> Subway <br /> False </li>
</ul>
]]></mattext>
</material>
</flow_mat>
</itemfeedback>
</item>


</section>
<section ident="canvasquiz_891475607_section_4" title="Exercise">

<objectives>
<material>
<mattext><![CDATA[Please answer the following question.]]></mattext>
</material>
</objectives>
<selection_ordering>
<selection>
<selection_number>1</selection_number>
<selection_extension>
<points_per_item>1</points_per_item>
</selection_extension>
</selection>
<order order_type="Random"/>
</selection_ordering>

<item ident="canvasquiz_891475607_section_4_item_1_schoice" title="Question" maxattempts="1">
<itemcontrol feedbackswitch="No" hintswitch="No" solutionswitch="Yes"/>
<itemmetadata>
<qtimetadata>
<qtimetadatafield>
<fieldlabel>question_type</fieldlabel>
<fieldentry>multiple_choice_question</fieldentry>
</qtimetadatafield>
</qtimetadata>
</itemmetadata>
<presentation>
<flow>
<material>
<matbreak/>
<mattext texttype="text/html" charset="utf-8"><![CDATA[
<p>Which chain has the lowest 3rd quartile of calories?</p>
]]></mattext>
<matbreak/>
</material>
<response_lid ident="canvasquiz_891475607_section_4_item_1_schoice_RESPONSE_8719511" rcardinality="Single" rtiming="No">
<render_choice shuffle="No">
<flow_label class="List">
<response_label ident="canvasquiz_891475607_section_4_item_1_schoice_8897133073" rshuffle="No">
<material>
<mattext texttype="text/html" charset="utf-8"><![CDATA[
 Burger King
]]></mattext>
</material>
</response_label>
</flow_label>
<flow_label class="List">
<response_label ident="canvasquiz_891475607_section_4_item_1_schoice_2635746770" rshuffle="No">
<material>
<mattext texttype="text/html" charset="utf-8"><![CDATA[
 Mcdonalds
]]></mattext>
</material>
</response_label>
</flow_label>
<flow_label class="List">
<response_label ident="canvasquiz_891475607_section_4_item_1_schoice_4624103486" rshuffle="No">
<material>
<mattext texttype="text/html" charset="utf-8"><![CDATA[
 Sonic
]]></mattext>
</material>
</response_label>
</flow_label>
<flow_label class="List">
<response_label ident="canvasquiz_891475607_section_4_item_1_schoice_3678431432" rshuffle="No">
<material>
<mattext texttype="text/html" charset="utf-8"><![CDATA[
 Subway
]]></mattext>
</material>
</response_label>
</flow_label>
<flow_label class="List">
<response_label ident="canvasquiz_891475607_section_4_item_1_schoice_5892408700" rshuffle="No">
<material>
<mattext texttype="text/html" charset="utf-8"><![CDATA[
 Taco Bell
]]></mattext>
</material>
</response_label>
</flow_label>
<flow_label class="List">
<response_label ident="canvasquiz_891475607_section_4_item_1_schoice_8464475508" rshuffle="No">
<material>
<mattext texttype="text/html" charset="utf-8"><![CDATA[
 Chick Fil-A
]]></mattext>
</material>
</response_label>
</flow_label>
<flow_label class="List">
<response_label ident="canvasquiz_891475607_section_4_item_1_schoice_2650247611" rshuffle="No">
<material>
<mattext texttype="text/html" charset="utf-8"><![CDATA[
 Arbys
]]></mattext>
</material>
</response_label>
</flow_label>
<flow_label class="List">
<response_label ident="canvasquiz_891475607_section_4_item_1_schoice_1991197616" rshuffle="No">
<material>
<mattext texttype="text/html" charset="utf-8"><![CDATA[
 Dairy Queen
]]></mattext>
</material>
</response_label>
</flow_label>
</render_choice>
</response_lid>
</flow>
</presentation>
<resprocessing>
<outcomes>
<decvar varname="SCORE" vartype="Decimal" defaultval="0" minvalue="0" maxvalue="1" cutvalue="1"/>
</outcomes>
<respcondition title="Mastery" continue="No">
<conditionvar>
<and>
<varequal respident="canvasquiz_891475607_section_4_item_1_schoice_RESPONSE_8719511" case="Yes">canvasquiz_891475607_section_4_item_1_schoice_8464475508</varequal>
<not> <varequal respident="canvasquiz_891475607_section_4_item_1_schoice_RESPONSE_8719511" case="Yes">canvasquiz_891475607_section_4_item_1_schoice_8897133073</varequal> </not>
<not> <varequal respident="canvasquiz_891475607_section_4_item_1_schoice_RESPONSE_8719511" case="Yes">canvasquiz_891475607_section_4_item_1_schoice_2635746770</varequal> </not>
<not> <varequal respident="canvasquiz_891475607_section_4_item_1_schoice_RESPONSE_8719511" case="Yes">canvasquiz_891475607_section_4_item_1_schoice_4624103486</varequal> </not>
<not> <varequal respident="canvasquiz_891475607_section_4_item_1_schoice_RESPONSE_8719511" case="Yes">canvasquiz_891475607_section_4_item_1_schoice_3678431432</varequal> </not>
<not> <varequal respident="canvasquiz_891475607_section_4_item_1_schoice_RESPONSE_8719511" case="Yes">canvasquiz_891475607_section_4_item_1_schoice_5892408700</varequal> </not>
<not> <varequal respident="canvasquiz_891475607_section_4_item_1_schoice_RESPONSE_8719511" case="Yes">canvasquiz_891475607_section_4_item_1_schoice_2650247611</varequal> </not>
<not> <varequal respident="canvasquiz_891475607_section_4_item_1_schoice_RESPONSE_8719511" case="Yes">canvasquiz_891475607_section_4_item_1_schoice_1991197616</varequal> </not>
</and>
</conditionvar>
<setvar varname="SCORE" action="Set">1</setvar>
<displayfeedback feedbacktype="Response" linkrefid="correct_fb"/>
</respcondition>
<respcondition continue="Yes">
<conditionvar>
<other/>
</conditionvar>
<displayfeedback feedbacktype="Response" linkrefid="general_incorrect_fb"/>
</respcondition>
</resprocessing>
<itemfeedback ident="correct_fb" view="All">
<flow_mat>
<material>
<mattext texttype="text/html"><![CDATA[
<p>Chick Fil-A. 480 calories.</p>
<pre><code># A tibble: 8 × 2
  restaurant  `quantile(calories, na.rm = TRUE, probs = c(0.75))`
  &lt;chr&gt;                                                     &lt;dbl&gt;
1 Arbys                                                       690
2 Burger King                                                 760
3 Chick Fil-A                                                 480
4 Dairy Queen                                                 630
5 Mcdonalds                                                   740
6 Sonic                                                       740
7 Subway                                                      740
8 Taco Bell                                                   575</code></pre>
<br />
<ul>
<li> Burger King <br /> False </li>
<li> Mcdonalds <br /> False </li>
<li> Sonic <br /> False </li>
<li> Subway <br /> False </li>
<li> Taco Bell <br /> False </li>
<li> Chick Fil-A <br /> True </li>
<li> Arbys <br /> False </li>
<li> Dairy Queen <br /> False </li>
</ul>
]]></mattext>
</material>
</flow_mat>
</itemfeedback>
<itemfeedback ident="general_incorrect_fb" view="All">
<flow_mat>
<material>
<mattext texttype="text/html"><![CDATA[
<p>Chick Fil-A. 480 calories.</p>
<pre><code># A tibble: 8 × 2
  restaurant  `quantile(calories, na.rm = TRUE, probs = c(0.75))`
  &lt;chr&gt;                                                     &lt;dbl&gt;
1 Arbys                                                       690
2 Burger King                                                 760
3 Chick Fil-A                                                 480
4 Dairy Queen                                                 630
5 Mcdonalds                                                   740
6 Sonic                                                       740
7 Subway                                                      740
8 Taco Bell                                                   575</code></pre>
<br />
<ul>
<li> Burger King <br /> False </li>
<li> Mcdonalds <br /> False </li>
<li> Sonic <br /> False </li>
<li> Subway <br /> False </li>
<li> Taco Bell <br /> False </li>
<li> Chick Fil-A <br /> True </li>
<li> Arbys <br /> False </li>
<li> Dairy Queen <br /> False </li>
</ul>
]]></mattext>
</material>
</flow_mat>
</itemfeedback>
</item>


</section>
<section ident="canvasquiz_891475607_section_5" title="Exercise">

<objectives>
<material>
<mattext><![CDATA[Please answer the following question.]]></mattext>
</material>
</objectives>
<selection_ordering>
<selection>
<selection_number>1</selection_number>
<selection_extension>
<points_per_item>1</points_per_item>
</selection_extension>
</selection>
<order order_type="Random"/>
</selection_ordering>

<item ident="canvasquiz_891475607_section_5_item_1_schoice" title="Question" maxattempts="1">
<itemcontrol feedbackswitch="No" hintswitch="No" solutionswitch="Yes"/>
<itemmetadata>
<qtimetadata>
<qtimetadatafield>
<fieldlabel>question_type</fieldlabel>
<fieldentry>multiple_choice_question</fieldentry>
</qtimetadatafield>
</qtimetadata>
</itemmetadata>
<presentation>
<flow>
<material>
<matbreak/>
<mattext texttype="text/html" charset="utf-8"><![CDATA[
<p>Which chain has the highest 3rd quartile of protein?</p>
]]></mattext>
<matbreak/>
</material>
<response_lid ident="canvasquiz_891475607_section_5_item_1_schoice_RESPONSE_1055455" rcardinality="Single" rtiming="No">
<render_choice shuffle="No">
<flow_label class="List">
<response_label ident="canvasquiz_891475607_section_5_item_1_schoice_4476642020" rshuffle="No">
<material>
<mattext texttype="text/html" charset="utf-8"><![CDATA[
 Chick Fil-A
]]></mattext>
</material>
</response_label>
</flow_label>
<flow_label class="List">
<response_label ident="canvasquiz_891475607_section_5_item_1_schoice_8755195366" rshuffle="No">
<material>
<mattext texttype="text/html" charset="utf-8"><![CDATA[
 Taco Bell
]]></mattext>
</material>
</response_label>
</flow_label>
<flow_label class="List">
<response_label ident="canvasquiz_891475607_section_5_item_1_schoice_4154148342" rshuffle="No">
<material>
<mattext texttype="text/html" charset="utf-8"><![CDATA[
 Burger King
]]></mattext>
</material>
</response_label>
</flow_label>
<flow_label class="List">
<response_label ident="canvasquiz_891475607_section_5_item_1_schoice_8880415075" rshuffle="No">
<material>
<mattext texttype="text/html" charset="utf-8"><![CDATA[
 Dairy Queen
]]></mattext>
</material>
</response_label>
</flow_label>
<flow_label class="List">
<response_label ident="canvasquiz_891475607_section_5_item_1_schoice_8548642836" rshuffle="No">
<material>
<mattext texttype="text/html" charset="utf-8"><![CDATA[
 Mcdonalds
]]></mattext>
</material>
</response_label>
</flow_label>
<flow_label class="List">
<response_label ident="canvasquiz_891475607_section_5_item_1_schoice_6908905971" rshuffle="No">
<material>
<mattext texttype="text/html" charset="utf-8"><![CDATA[
 Arbys
]]></mattext>
</material>
</response_label>
</flow_label>
<flow_label class="List">
<response_label ident="canvasquiz_891475607_section_5_item_1_schoice_9014368968" rshuffle="No">
<material>
<mattext texttype="text/html" charset="utf-8"><![CDATA[
 Sonic
]]></mattext>
</material>
</response_label>
</flow_label>
<flow_label class="List">
<response_label ident="canvasquiz_891475607_section_5_item_1_schoice_1970854535" rshuffle="No">
<material>
<mattext texttype="text/html" charset="utf-8"><![CDATA[
 Subway
]]></mattext>
</material>
</response_label>
</flow_label>
</render_choice>
</response_lid>
</flow>
</presentation>
<resprocessing>
<outcomes>
<decvar varname="SCORE" vartype="Decimal" defaultval="0" minvalue="0" maxvalue="1" cutvalue="1"/>
</outcomes>
<respcondition title="Mastery" continue="No">
<conditionvar>
<and>
<varequal respident="canvasquiz_891475607_section_5_item_1_schoice_RESPONSE_1055455" case="Yes">canvasquiz_891475607_section_5_item_1_schoice_8548642836</varequal>
<not> <varequal respident="canvasquiz_891475607_section_5_item_1_schoice_RESPONSE_1055455" case="Yes">canvasquiz_891475607_section_5_item_1_schoice_4476642020</varequal> </not>
<not> <varequal respident="canvasquiz_891475607_section_5_item_1_schoice_RESPONSE_1055455" case="Yes">canvasquiz_891475607_section_5_item_1_schoice_8755195366</varequal> </not>
<not> <varequal respident="canvasquiz_891475607_section_5_item_1_schoice_RESPONSE_1055455" case="Yes">canvasquiz_891475607_section_5_item_1_schoice_4154148342</varequal> </not>
<not> <varequal respident="canvasquiz_891475607_section_5_item_1_schoice_RESPONSE_1055455" case="Yes">canvasquiz_891475607_section_5_item_1_schoice_8880415075</varequal> </not>
<not> <varequal respident="canvasquiz_891475607_section_5_item_1_schoice_RESPONSE_1055455" case="Yes">canvasquiz_891475607_section_5_item_1_schoice_6908905971</varequal> </not>
<not> <varequal respident="canvasquiz_891475607_section_5_item_1_schoice_RESPONSE_1055455" case="Yes">canvasquiz_891475607_section_5_item_1_schoice_9014368968</varequal> </not>
<not> <varequal respident="canvasquiz_891475607_section_5_item_1_schoice_RESPONSE_1055455" case="Yes">canvasquiz_891475607_section_5_item_1_schoice_1970854535</varequal> </not>
</and>
</conditionvar>
<setvar varname="SCORE" action="Set">1</setvar>
<displayfeedback feedbacktype="Response" linkrefid="correct_fb"/>
</respcondition>
<respcondition continue="Yes">
<conditionvar>
<other/>
</conditionvar>
<displayfeedback feedbacktype="Response" linkrefid="general_incorrect_fb"/>
</respcondition>
</resprocessing>
<itemfeedback ident="correct_fb" view="All">
<flow_mat>
<material>
<mattext texttype="text/html"><![CDATA[
<p>McDonalds. 46 g protein.</p>
<pre><code># A tibble: 8 × 2
  restaurant  `quantile(protein, na.rm = TRUE, probs = c(0.75))`
  &lt;chr&gt;                                                    &lt;dbl&gt;
1 Arbys                                                       38
2 Burger King                                                 36
3 Chick Fil-A                                                 37
4 Dairy Queen                                                 34
5 Mcdonalds                                                   46
6 Sonic                                                       35
7 Subway                                                      40
8 Taco Bell                                                   22</code></pre>
<br />
<ul>
<li> Chick Fil-A <br /> False </li>
<li> Taco Bell <br /> False </li>
<li> Burger King <br /> False </li>
<li> Dairy Queen <br /> False </li>
<li> Mcdonalds <br /> True </li>
<li> Arbys <br /> False </li>
<li> Sonic <br /> False </li>
<li> Subway <br /> False </li>
</ul>
]]></mattext>
</material>
</flow_mat>
</itemfeedback>
<itemfeedback ident="general_incorrect_fb" view="All">
<flow_mat>
<material>
<mattext texttype="text/html"><![CDATA[
<p>McDonalds. 46 g protein.</p>
<pre><code># A tibble: 8 × 2
  restaurant  `quantile(protein, na.rm = TRUE, probs = c(0.75))`
  &lt;chr&gt;                                                    &lt;dbl&gt;
1 Arbys                                                       38
2 Burger King                                                 36
3 Chick Fil-A                                                 37
4 Dairy Queen                                                 34
5 Mcdonalds                                                   46
6 Sonic                                                       35
7 Subway                                                      40
8 Taco Bell                                                   22</code></pre>
<br />
<ul>
<li> Chick Fil-A <br /> False </li>
<li> Taco Bell <br /> False </li>
<li> Burger King <br /> False </li>
<li> Dairy Queen <br /> False </li>
<li> Mcdonalds <br /> True </li>
<li> Arbys <br /> False </li>
<li> Sonic <br /> False </li>
<li> Subway <br /> False </li>
</ul>
]]></mattext>
</material>
</flow_mat>
</itemfeedback>
</item>


</section>
<section ident="canvasquiz_891475607_section_6" title="Exercise">

<objectives>
<material>
<mattext><![CDATA[Please answer the following question.]]></mattext>
</material>
</objectives>
<selection_ordering>
<selection>
<selection_number>1</selection_number>
<selection_extension>
<points_per_item>1</points_per_item>
</selection_extension>
</selection>
<order order_type="Random"/>
</selection_ordering>

<item ident="canvasquiz_891475607_section_6_item_1_mchoice" title="Question" maxattempts="1">
<itemcontrol feedbackswitch="No" hintswitch="No" solutionswitch="Yes"/>
<itemmetadata>
<qtimetadata>
<qtimetadatafield>
<fieldlabel>question_type</fieldlabel>
<fieldentry>multiple_answers_question</fieldentry>
</qtimetadatafield>
</qtimetadata>
</itemmetadata>
<presentation>
<flow>
<material>
<matbreak/>
<mattext texttype="text/html" charset="utf-8"><![CDATA[
<p>Create the variable <code>TransFatPercentage</code> which is <code>trans_fat / total_fat</code>. Name the four worst [highest value] chains.</p>
]]></mattext>
<matbreak/>
</material>
<response_lid ident="canvasquiz_891475607_section_6_item_1_mchoice_RESPONSE_3235071" rcardinality="Multiple" rtiming="No">
<render_choice shuffle="No">
<flow_label class="List">
<response_label ident="canvasquiz_891475607_section_6_item_1_mchoice_4314844579" rshuffle="No">
<material>
<mattext texttype="text/html" charset="utf-8"><![CDATA[
 Mcdonalds
]]></mattext>
</material>
</response_label>
</flow_label>
<flow_label class="List">
<response_label ident="canvasquiz_891475607_section_6_item_1_mchoice_5640649936" rshuffle="No">
<material>
<mattext texttype="text/html" charset="utf-8"><![CDATA[
 Burger King
]]></mattext>
</material>
</response_label>
</flow_label>
<flow_label class="List">
<response_label ident="canvasquiz_891475607_section_6_item_1_mchoice_4878172962" rshuffle="No">
<material>
<mattext texttype="text/html" charset="utf-8"><![CDATA[
 Dairy Queen
]]></mattext>
</material>
</response_label>
</flow_label>
<flow_label class="List">
<response_label ident="canvasquiz_891475607_section_6_item_1_mchoice_3169743389" rshuffle="No">
<material>
<mattext texttype="text/html" charset="utf-8"><![CDATA[
 Arbys
]]></mattext>
</material>
</response_label>
</flow_label>
<flow_label class="List">
<response_label ident="canvasquiz_891475607_section_6_item_1_mchoice_1977040434" rshuffle="No">
<material>
<mattext texttype="text/html" charset="utf-8"><![CDATA[
 Sonic
]]></mattext>
</material>
</response_label>
</flow_label>
<flow_label class="List">
<response_label ident="canvasquiz_891475607_section_6_item_1_mchoice_8340688909" rshuffle="No">
<material>
<mattext texttype="text/html" charset="utf-8"><![CDATA[
 Subway
]]></mattext>
</material>
</response_label>
</flow_label>
<flow_label class="List">
<response_label ident="canvasquiz_891475607_section_6_item_1_mchoice_2892262890" rshuffle="No">
<material>
<mattext texttype="text/html" charset="utf-8"><![CDATA[
 Taco Bell
]]></mattext>
</material>
</response_label>
</flow_label>
<flow_label class="List">
<response_label ident="canvasquiz_891475607_section_6_item_1_mchoice_3958493441" rshuffle="No">
<material>
<mattext texttype="text/html" charset="utf-8"><![CDATA[
 Chick Fil-A
]]></mattext>
</material>
</response_label>
</flow_label>
</render_choice>
</response_lid>
</flow>
</presentation>
<resprocessing>
<outcomes>
<decvar varname="SCORE" vartype="Decimal" defaultval="0" minvalue="0" maxvalue="1" cutvalue="1"/>
</outcomes>
<respcondition continue="Yes" title="Mastery">
<conditionvar>
<varequal respident="canvasquiz_891475607_section_6_item_1_mchoice_RESPONSE_3235071" case="Yes">canvasquiz_891475607_section_6_item_1_mchoice_5640649936</varequal>
</conditionvar>
<setvar varname="SCORE" action="Add">0.25</setvar>
</respcondition>
<respcondition continue="Yes" title="Mastery">
<conditionvar>
<varequal respident="canvasquiz_891475607_section_6_item_1_mchoice_RESPONSE_3235071" case="Yes">canvasquiz_891475607_section_6_item_1_mchoice_4878172962</varequal>
</conditionvar>
<setvar varname="SCORE" action="Add">0.25</setvar>
</respcondition>
<respcondition continue="Yes" title="Mastery">
<conditionvar>
<varequal respident="canvasquiz_891475607_section_6_item_1_mchoice_RESPONSE_3235071" case="Yes">canvasquiz_891475607_section_6_item_1_mchoice_3169743389</varequal>
</conditionvar>
<setvar varname="SCORE" action="Add">0.25</setvar>
</respcondition>
<respcondition continue="Yes" title="Mastery">
<conditionvar>
<varequal respident="canvasquiz_891475607_section_6_item_1_mchoice_RESPONSE_3235071" case="Yes">canvasquiz_891475607_section_6_item_1_mchoice_2892262890</varequal>
</conditionvar>
<setvar varname="SCORE" action="Add">0.25</setvar>
</respcondition>
<respcondition continue="Yes" title="Fail">
<conditionvar>
<varequal respident="canvasquiz_891475607_section_6_item_1_mchoice_RESPONSE_3235071" case="Yes">canvasquiz_891475607_section_6_item_1_mchoice_4314844579</varequal>
</conditionvar>
<setvar varname="SCORE" action="Add">-0.25</setvar>
<displayfeedback feedbacktype="Solution" linkrefid="Solution"/>
</respcondition>
<respcondition continue="Yes" title="Fail">
<conditionvar>
<varequal respident="canvasquiz_891475607_section_6_item_1_mchoice_RESPONSE_3235071" case="Yes">canvasquiz_891475607_section_6_item_1_mchoice_1977040434</varequal>
</conditionvar>
<setvar varname="SCORE" action="Add">-0.25</setvar>
<displayfeedback feedbacktype="Solution" linkrefid="Solution"/>
</respcondition>
<respcondition continue="Yes" title="Fail">
<conditionvar>
<varequal respident="canvasquiz_891475607_section_6_item_1_mchoice_RESPONSE_3235071" case="Yes">canvasquiz_891475607_section_6_item_1_mchoice_8340688909</varequal>
</conditionvar>
<setvar varname="SCORE" action="Add">-0.25</setvar>
<displayfeedback feedbacktype="Solution" linkrefid="Solution"/>
</respcondition>
<respcondition continue="Yes" title="Fail">
<conditionvar>
<varequal respident="canvasquiz_891475607_section_6_item_1_mchoice_RESPONSE_3235071" case="Yes">canvasquiz_891475607_section_6_item_1_mchoice_3958493441</varequal>
</conditionvar>
<setvar varname="SCORE" action="Add">-0.25</setvar>
<displayfeedback feedbacktype="Solution" linkrefid="Solution"/>
</respcondition>
<respcondition title="Mastery" continue="No">
<conditionvar>
<and>
<varequal respident="canvasquiz_891475607_section_6_item_1_mchoice_RESPONSE_3235071" case="Yes">canvasquiz_891475607_section_6_item_1_mchoice_5640649936</varequal>
<varequal respident="canvasquiz_891475607_section_6_item_1_mchoice_RESPONSE_3235071" case="Yes">canvasquiz_891475607_section_6_item_1_mchoice_4878172962</varequal>
<varequal respident="canvasquiz_891475607_section_6_item_1_mchoice_RESPONSE_3235071" case="Yes">canvasquiz_891475607_section_6_item_1_mchoice_3169743389</varequal>
<varequal respident="canvasquiz_891475607_section_6_item_1_mchoice_RESPONSE_3235071" case="Yes">canvasquiz_891475607_section_6_item_1_mchoice_2892262890</varequal>
<not> <varequal respident="canvasquiz_891475607_section_6_item_1_mchoice_RESPONSE_3235071" case="Yes">canvasquiz_891475607_section_6_item_1_mchoice_4314844579</varequal> </not>
<not> <varequal respident="canvasquiz_891475607_section_6_item_1_mchoice_RESPONSE_3235071" case="Yes">canvasquiz_891475607_section_6_item_1_mchoice_1977040434</varequal> </not>
<not> <varequal respident="canvasquiz_891475607_section_6_item_1_mchoice_RESPONSE_3235071" case="Yes">canvasquiz_891475607_section_6_item_1_mchoice_8340688909</varequal> </not>
<not> <varequal respident="canvasquiz_891475607_section_6_item_1_mchoice_RESPONSE_3235071" case="Yes">canvasquiz_891475607_section_6_item_1_mchoice_3958493441</varequal> </not>
</and>
</conditionvar>
<displayfeedback feedbacktype="Response" linkrefid="correct_fb"/>
</respcondition>
<respcondition continue="Yes">
<conditionvar>
<other/>
</conditionvar>
<displayfeedback feedbacktype="Response" linkrefid="general_incorrect_fb"/>
</respcondition>
</resprocessing>
<itemfeedback ident="correct_fb" view="All">
<flow_mat>
<material>
<mattext texttype="text/html"><![CDATA[
<p>Burger King’s Chicken Fries, Dairy Queen’s Deluxe Hamburger, Taco Bell’s Meximelt and Arby’s Half Pound Roast Beef</p>
<pre><code># A tibble: 5 × 3
  restaurant  item                           TransFatPercentage
  &lt;chr&gt;       &lt;chr&gt;                                       &lt;dbl&gt;
1 Burger King Chicken Fries                              0.0882
2 Dairy Queen Deluxe Hamburger                           0.0714
3 Taco Bell   MexiMeltÂ®                                 0.0714
4 Arbys       Half Pound Roast Beef Sandwich             0.0667
5 Burger King American Brewhouse King                    0.0635</code></pre>
<br />
<ul>
<li> Mcdonalds <br /> False </li>
<li> Burger King <br /> True </li>
<li> Dairy Queen <br /> True </li>
<li> Arbys <br /> True </li>
<li> Sonic <br /> False </li>
<li> Subway <br /> False </li>
<li> Taco Bell <br /> True </li>
<li> Chick Fil-A <br /> False </li>
</ul>
]]></mattext>
</material>
</flow_mat>
</itemfeedback>
<itemfeedback ident="general_incorrect_fb" view="All">
<flow_mat>
<material>
<mattext texttype="text/html"><![CDATA[
<p>Burger King’s Chicken Fries, Dairy Queen’s Deluxe Hamburger, Taco Bell’s Meximelt and Arby’s Half Pound Roast Beef</p>
<pre><code># A tibble: 5 × 3
  restaurant  item                           TransFatPercentage
  &lt;chr&gt;       &lt;chr&gt;                                       &lt;dbl&gt;
1 Burger King Chicken Fries                              0.0882
2 Dairy Queen Deluxe Hamburger                           0.0714
3 Taco Bell   MexiMeltÂ®                                 0.0714
4 Arbys       Half Pound Roast Beef Sandwich             0.0667
5 Burger King American Brewhouse King                    0.0635</code></pre>
<br />
<ul>
<li> Mcdonalds <br /> False </li>
<li> Burger King <br /> True </li>
<li> Dairy Queen <br /> True </li>
<li> Arbys <br /> True </li>
<li> Sonic <br /> False </li>
<li> Subway <br /> False </li>
<li> Taco Bell <br /> True </li>
<li> Chick Fil-A <br /> False </li>
</ul>
]]></mattext>
</material>
</flow_mat>
</itemfeedback>
</item>


</section>
<section ident="canvasquiz_891475607_section_7" title="Exercise">

<objectives>
<material>
<mattext><![CDATA[Please answer the following question.]]></mattext>
</material>
</objectives>
<selection_ordering>
<selection>
<selection_number>1</selection_number>
<selection_extension>
<points_per_item>1</points_per_item>
</selection_extension>
</selection>
<order order_type="Random"/>
</selection_ordering>

<item ident="canvasquiz_891475607_section_7_item_1_schoice" title="Question" maxattempts="1">
<itemcontrol feedbackswitch="No" hintswitch="No" solutionswitch="Yes"/>
<itemmetadata>
<qtimetadata>
<qtimetadatafield>
<fieldlabel>question_type</fieldlabel>
<fieldentry>multiple_choice_question</fieldentry>
</qtimetadatafield>
</qtimetadata>
</itemmetadata>
<presentation>
<flow>
<material>
<matbreak/>
<mattext texttype="text/html" charset="utf-8"><![CDATA[
<p>What chain has the highest average <code>TransFatPercentage</code>?</p>
]]></mattext>
<matbreak/>
</material>
<response_lid ident="canvasquiz_891475607_section_7_item_1_schoice_RESPONSE_4061890" rcardinality="Single" rtiming="No">
<render_choice shuffle="No">
<flow_label class="List">
<response_label ident="canvasquiz_891475607_section_7_item_1_schoice_8262699145" rshuffle="No">
<material>
<mattext texttype="text/html" charset="utf-8"><![CDATA[
 Dairy Queen
]]></mattext>
</material>
</response_label>
</flow_label>
<flow_label class="List">
<response_label ident="canvasquiz_891475607_section_7_item_1_schoice_8932364785" rshuffle="No">
<material>
<mattext texttype="text/html" charset="utf-8"><![CDATA[
 Mcdonalds
]]></mattext>
</material>
</response_label>
</flow_label>
<flow_label class="List">
<response_label ident="canvasquiz_891475607_section_7_item_1_schoice_9412650458" rshuffle="No">
<material>
<mattext texttype="text/html" charset="utf-8"><![CDATA[
 Chick Fil-A
]]></mattext>
</material>
</response_label>
</flow_label>
<flow_label class="List">
<response_label ident="canvasquiz_891475607_section_7_item_1_schoice_8481414595" rshuffle="No">
<material>
<mattext texttype="text/html" charset="utf-8"><![CDATA[
 Burger King
]]></mattext>
</material>
</response_label>
</flow_label>
<flow_label class="List">
<response_label ident="canvasquiz_891475607_section_7_item_1_schoice_4117502378" rshuffle="No">
<material>
<mattext texttype="text/html" charset="utf-8"><![CDATA[
 Sonic
]]></mattext>
</material>
</response_label>
</flow_label>
<flow_label class="List">
<response_label ident="canvasquiz_891475607_section_7_item_1_schoice_8947864736" rshuffle="No">
<material>
<mattext texttype="text/html" charset="utf-8"><![CDATA[
 Subway
]]></mattext>
</material>
</response_label>
</flow_label>
<flow_label class="List">
<response_label ident="canvasquiz_891475607_section_7_item_1_schoice_7190813984" rshuffle="No">
<material>
<mattext texttype="text/html" charset="utf-8"><![CDATA[
 Taco Bell
]]></mattext>
</material>
</response_label>
</flow_label>
<flow_label class="List">
<response_label ident="canvasquiz_891475607_section_7_item_1_schoice_4431046584" rshuffle="No">
<material>
<mattext texttype="text/html" charset="utf-8"><![CDATA[
 Arbys
]]></mattext>
</material>
</response_label>
</flow_label>
</render_choice>
</response_lid>
</flow>
</presentation>
<resprocessing>
<outcomes>
<decvar varname="SCORE" vartype="Decimal" defaultval="0" minvalue="0" maxvalue="1" cutvalue="1"/>
</outcomes>
<respcondition title="Mastery" continue="No">
<conditionvar>
<and>
<varequal respident="canvasquiz_891475607_section_7_item_1_schoice_RESPONSE_4061890" case="Yes">canvasquiz_891475607_section_7_item_1_schoice_8262699145</varequal>
<not> <varequal respident="canvasquiz_891475607_section_7_item_1_schoice_RESPONSE_4061890" case="Yes">canvasquiz_891475607_section_7_item_1_schoice_8932364785</varequal> </not>
<not> <varequal respident="canvasquiz_891475607_section_7_item_1_schoice_RESPONSE_4061890" case="Yes">canvasquiz_891475607_section_7_item_1_schoice_9412650458</varequal> </not>
<not> <varequal respident="canvasquiz_891475607_section_7_item_1_schoice_RESPONSE_4061890" case="Yes">canvasquiz_891475607_section_7_item_1_schoice_8481414595</varequal> </not>
<not> <varequal respident="canvasquiz_891475607_section_7_item_1_schoice_RESPONSE_4061890" case="Yes">canvasquiz_891475607_section_7_item_1_schoice_4117502378</varequal> </not>
<not> <varequal respident="canvasquiz_891475607_section_7_item_1_schoice_RESPONSE_4061890" case="Yes">canvasquiz_891475607_section_7_item_1_schoice_8947864736</varequal> </not>
<not> <varequal respident="canvasquiz_891475607_section_7_item_1_schoice_RESPONSE_4061890" case="Yes">canvasquiz_891475607_section_7_item_1_schoice_7190813984</varequal> </not>
<not> <varequal respident="canvasquiz_891475607_section_7_item_1_schoice_RESPONSE_4061890" case="Yes">canvasquiz_891475607_section_7_item_1_schoice_4431046584</varequal> </not>
</and>
</conditionvar>
<setvar varname="SCORE" action="Set">1</setvar>
<displayfeedback feedbacktype="Response" linkrefid="correct_fb"/>
</respcondition>
<respcondition continue="Yes">
<conditionvar>
<other/>
</conditionvar>
<displayfeedback feedbacktype="Response" linkrefid="general_incorrect_fb"/>
</respcondition>
</resprocessing>
<itemfeedback ident="correct_fb" view="All">
<flow_mat>
<material>
<mattext texttype="text/html"><![CDATA[
<p>Dairy Queen. 2.23 percent.</p>
<pre><code># A tibble: 8 × 2
  restaurant  `mean(TransFatPercentage, na.rm = TRUE)`
  &lt;chr&gt;                                          &lt;dbl&gt;
1 Arbys                                       0.0137  
2 Burger King                                 0.0184  
3 Chick Fil-A                                 0.000788
4 Dairy Queen                                 0.0223  
5 Mcdonalds                                   0.0122  
6 Sonic                                       0.0188  
7 Subway                                      0.00741 
8 Taco Bell                                   0.00965 </code></pre>
<br />
<ul>
<li> Dairy Queen <br /> True </li>
<li> Mcdonalds <br /> False </li>
<li> Chick Fil-A <br /> False </li>
<li> Burger King <br /> False </li>
<li> Sonic <br /> False </li>
<li> Subway <br /> False </li>
<li> Taco Bell <br /> False </li>
<li> Arbys <br /> False </li>
</ul>
]]></mattext>
</material>
</flow_mat>
</itemfeedback>
<itemfeedback ident="general_incorrect_fb" view="All">
<flow_mat>
<material>
<mattext texttype="text/html"><![CDATA[
<p>Dairy Queen. 2.23 percent.</p>
<pre><code># A tibble: 8 × 2
  restaurant  `mean(TransFatPercentage, na.rm = TRUE)`
  &lt;chr&gt;                                          &lt;dbl&gt;
1 Arbys                                       0.0137  
2 Burger King                                 0.0184  
3 Chick Fil-A                                 0.000788
4 Dairy Queen                                 0.0223  
5 Mcdonalds                                   0.0122  
6 Sonic                                       0.0188  
7 Subway                                      0.00741 
8 Taco Bell                                   0.00965 </code></pre>
<br />
<ul>
<li> Dairy Queen <br /> True </li>
<li> Mcdonalds <br /> False </li>
<li> Chick Fil-A <br /> False </li>
<li> Burger King <br /> False </li>
<li> Sonic <br /> False </li>
<li> Subway <br /> False </li>
<li> Taco Bell <br /> False </li>
<li> Arbys <br /> False </li>
</ul>
]]></mattext>
</material>
</flow_mat>
</itemfeedback>
</item>


</section>
<section ident="canvasquiz_891475607_section_8" title="Exercise">

<objectives>
<material>
<mattext><![CDATA[Please answer the following question.]]></mattext>
</material>
</objectives>
<selection_ordering>
<selection>
<selection_number>1</selection_number>
<selection_extension>
<points_per_item>1</points_per_item>
</selection_extension>
</selection>
<order order_type="Random"/>
</selection_ordering>

<item ident="canvasquiz_891475607_section_8_item_1_schoice" title="Question" maxattempts="1">
<itemcontrol feedbackswitch="No" hintswitch="No" solutionswitch="Yes"/>
<itemmetadata>
<qtimetadata>
<qtimetadatafield>
<fieldlabel>question_type</fieldlabel>
<fieldentry>multiple_choice_question</fieldentry>
</qtimetadatafield>
</qtimetadata>
</itemmetadata>
<presentation>
<flow>
<material>
<matbreak/>
<mattext texttype="text/html" charset="utf-8"><![CDATA[
<p>What chain has the highest median <code>TransFatPercentage</code>?</p>
]]></mattext>
<matbreak/>
</material>
<response_lid ident="canvasquiz_891475607_section_8_item_1_schoice_RESPONSE_9637754" rcardinality="Single" rtiming="No">
<render_choice shuffle="No">
<flow_label class="List">
<response_label ident="canvasquiz_891475607_section_8_item_1_schoice_8323372792" rshuffle="No">
<material>
<mattext texttype="text/html" charset="utf-8"><![CDATA[
 Taco Bell
]]></mattext>
</material>
</response_label>
</flow_label>
<flow_label class="List">
<response_label ident="canvasquiz_891475607_section_8_item_1_schoice_5141034504" rshuffle="No">
<material>
<mattext texttype="text/html" charset="utf-8"><![CDATA[
 Chick Fil-A
]]></mattext>
</material>
</response_label>
</flow_label>
<flow_label class="List">
<response_label ident="canvasquiz_891475607_section_8_item_1_schoice_7016470757" rshuffle="No">
<material>
<mattext texttype="text/html" charset="utf-8"><![CDATA[
 Sonic
]]></mattext>
</material>
</response_label>
</flow_label>
<flow_label class="List">
<response_label ident="canvasquiz_891475607_section_8_item_1_schoice_4209115597" rshuffle="No">
<material>
<mattext texttype="text/html" charset="utf-8"><![CDATA[
 Mcdonalds
]]></mattext>
</material>
</response_label>
</flow_label>
<flow_label class="List">
<response_label ident="canvasquiz_891475607_section_8_item_1_schoice_5863972618" rshuffle="No">
<material>
<mattext texttype="text/html" charset="utf-8"><![CDATA[
 Burger King
]]></mattext>
</material>
</response_label>
</flow_label>
<flow_label class="List">
<response_label ident="canvasquiz_891475607_section_8_item_1_schoice_7526054667" rshuffle="No">
<material>
<mattext texttype="text/html" charset="utf-8"><![CDATA[
 Subway
]]></mattext>
</material>
</response_label>
</flow_label>
<flow_label class="List">
<response_label ident="canvasquiz_891475607_section_8_item_1_schoice_2323948042" rshuffle="No">
<material>
<mattext texttype="text/html" charset="utf-8"><![CDATA[
 Dairy Queen
]]></mattext>
</material>
</response_label>
</flow_label>
<flow_label class="List">
<response_label ident="canvasquiz_891475607_section_8_item_1_schoice_2163077427" rshuffle="No">
<material>
<mattext texttype="text/html" charset="utf-8"><![CDATA[
 Arbys
]]></mattext>
</material>
</response_label>
</flow_label>
</render_choice>
</response_lid>
</flow>
</presentation>
<resprocessing>
<outcomes>
<decvar varname="SCORE" vartype="Decimal" defaultval="0" minvalue="0" maxvalue="1" cutvalue="1"/>
</outcomes>
<respcondition title="Mastery" continue="No">
<conditionvar>
<and>
<varequal respident="canvasquiz_891475607_section_8_item_1_schoice_RESPONSE_9637754" case="Yes">canvasquiz_891475607_section_8_item_1_schoice_2323948042</varequal>
<not> <varequal respident="canvasquiz_891475607_section_8_item_1_schoice_RESPONSE_9637754" case="Yes">canvasquiz_891475607_section_8_item_1_schoice_8323372792</varequal> </not>
<not> <varequal respident="canvasquiz_891475607_section_8_item_1_schoice_RESPONSE_9637754" case="Yes">canvasquiz_891475607_section_8_item_1_schoice_5141034504</varequal> </not>
<not> <varequal respident="canvasquiz_891475607_section_8_item_1_schoice_RESPONSE_9637754" case="Yes">canvasquiz_891475607_section_8_item_1_schoice_7016470757</varequal> </not>
<not> <varequal respident="canvasquiz_891475607_section_8_item_1_schoice_RESPONSE_9637754" case="Yes">canvasquiz_891475607_section_8_item_1_schoice_4209115597</varequal> </not>
<not> <varequal respident="canvasquiz_891475607_section_8_item_1_schoice_RESPONSE_9637754" case="Yes">canvasquiz_891475607_section_8_item_1_schoice_5863972618</varequal> </not>
<not> <varequal respident="canvasquiz_891475607_section_8_item_1_schoice_RESPONSE_9637754" case="Yes">canvasquiz_891475607_section_8_item_1_schoice_7526054667</varequal> </not>
<not> <varequal respident="canvasquiz_891475607_section_8_item_1_schoice_RESPONSE_9637754" case="Yes">canvasquiz_891475607_section_8_item_1_schoice_2163077427</varequal> </not>
</and>
</conditionvar>
<setvar varname="SCORE" action="Set">1</setvar>
<displayfeedback feedbacktype="Response" linkrefid="correct_fb"/>
</respcondition>
<respcondition continue="Yes">
<conditionvar>
<other/>
</conditionvar>
<displayfeedback feedbacktype="Response" linkrefid="general_incorrect_fb"/>
</respcondition>
</resprocessing>
<itemfeedback ident="correct_fb" view="All">
<flow_mat>
<material>
<mattext texttype="text/html"><![CDATA[
<p>Dairy Queen. 1.52 percent.</p>
<pre><code># A tibble: 8 × 2
  restaurant  `median(TransFatPercentage, na.rm = TRUE)`
  &lt;chr&gt;                                            &lt;dbl&gt;
1 Arbys                                           0     
2 Burger King                                     0     
3 Chick Fil-A                                     0     
4 Dairy Queen                                     0.0152
5 Mcdonalds                                       0     
6 Sonic                                           0     
7 Subway                                          0     
8 Taco Bell                                       0     </code></pre>
<br />
<ul>
<li> Taco Bell <br /> False </li>
<li> Chick Fil-A <br /> False </li>
<li> Sonic <br /> False </li>
<li> Mcdonalds <br /> False </li>
<li> Burger King <br /> False </li>
<li> Subway <br /> False </li>
<li> Dairy Queen <br /> True </li>
<li> Arbys <br /> False </li>
</ul>
]]></mattext>
</material>
</flow_mat>
</itemfeedback>
<itemfeedback ident="general_incorrect_fb" view="All">
<flow_mat>
<material>
<mattext texttype="text/html"><![CDATA[
<p>Dairy Queen. 1.52 percent.</p>
<pre><code># A tibble: 8 × 2
  restaurant  `median(TransFatPercentage, na.rm = TRUE)`
  &lt;chr&gt;                                            &lt;dbl&gt;
1 Arbys                                           0     
2 Burger King                                     0     
3 Chick Fil-A                                     0     
4 Dairy Queen                                     0.0152
5 Mcdonalds                                       0     
6 Sonic                                           0     
7 Subway                                          0     
8 Taco Bell                                       0     </code></pre>
<br />
<ul>
<li> Taco Bell <br /> False </li>
<li> Chick Fil-A <br /> False </li>
<li> Sonic <br /> False </li>
<li> Mcdonalds <br /> False </li>
<li> Burger King <br /> False </li>
<li> Subway <br /> False </li>
<li> Dairy Queen <br /> True </li>
<li> Arbys <br /> False </li>
</ul>
]]></mattext>
</material>
</flow_mat>
</itemfeedback>
</item>


</section>

</assessment>
</questestinterop>
